{
    "Refracted Peccatulum Invidiae - Bladesworn Sec 11 Fixer 1 Class 1": {
        "id": 200043,
        "name": "Refracted Peccatulum Invidiae - Bladesworn Sec 11 Fixer 1 Class 1",
        "source_file": "data/profiles\\mdbladesworn.json",
        "base_hp": 20,
        "hp_increment_by_level": 2,
        "base_stagger": 15,
        "stagger_increment_by_level": 1,
        "base_max_light": 2,
        "base_light_gain": 1,
        "base_page_draw": 1,
        "base_min_speed": 1,
        "base_max_speed": 2,
        "attack_slot": 1,
        "level": 15,
        "base_hp_overwrite": 0,
        "base_stagger_overwrite": 0,
        "base_max_light_overwrite": 0,
        "base_light_gain_overwrite": 0,
        "base_page_draw_overwrite": 0,
        "base_min_speed_overwrite": 0,
        "base_max_speed_overwrite": 0,
        "hidden": [],
        "evade_queue": [],
        "temphidden": [],
        "stats_dict": {
            "str": 14,
            "int": 10,
            "con": 14,
            "cha": 10,
            "dex": 16
        },
        "nextturn": {
            "light": 0
        },
        "buffs": {},
        "passives": [],
        "faction": [
            "Retainer of the King in Binds",
            "Bladesworn Office Section 11",
            "Enemy"
        ],
        "exclude_targets_from_indiscriminate": [],
        "resistances": {
            "slash": 1.0,
            "blunt": 1.0,
            "pierce": 1.5
        },
        "stagger_resistances": {
            "slash": 1.0,
            "blunt": 1.0,
            "pierce": 1.5
        },
        "sin_resistances": {
            "Wrath": 1.0,
            "Lust": 1.0,
            "Sloth": 1.0,
            "Gluttony": 1.0,
            "Gloom": 1.0,
            "Pride": 1.0,
            "Envy": 1.0,
            "White": 1.0,
            "Black": 1.0,
            "none": 1.0
        },
        "deck": {
            "Storm of Strikes [疾風斬]": {
                "cost": 4,
                "amount": 1
            },
            "Three Step Slashing [三斬律]": {
                "cost": 2,
                "amount": 1
            },
            "Silent Strikes": {
                "cost": 2,
                "amount": 1
            },
            "Draw of the Sword - Vaiśravaṇa Style [切れ]": {
                "cost": 0,
                "amount": 2
            },
            "Two Guard [双守]": {
                "cost": 0,
                "amount": 1
            },
            "Disciplined Block and Pierce [盾穿衡]": {
                "cost": 1,
                "amount": 1
            },
            "Ready for Duel [一騎打ち]": {
                "cost": 2,
                "amount": 1
            },
            "Riddle Holes [刺す]": {
                "cost": 2,
                "amount": 1
            }
        },
        "hand": {},
        "original_resistances": {
            "slash": 1.0,
            "blunt": 1.0,
            "pierce": 1.5
        },
        "original_sin_resistances": {
            "Wrath": 1.0,
            "Lust": 1.0,
            "Sloth": 1.0,
            "Gluttony": 1.0,
            "Gloom": 1.0,
            "Pride": 1.0,
            "Envy": 1.0,
            "White": 1.0,
            "Black": 1.0,
            "none": 1.0
        },
        "effect_limits": {},
        "effect_limits_perm": {},
        "current_hp": 80,
        "current_shield": 0,
        "current_stagger": 60,
        "current_light": 3,
        "current_speed": 5,
        "offense_level_sources": {
            "base": 45
        },
        "defense_level_sources": {
            "base": 45
        },
        "attackslotchange": 0,
        "used": [],
        "is_active": false,
        "is_staggered": false,
        "staggeredThisTurn": false,
        "PlayerOrEnemy": "Enemy",
        "deploymentOrder": 0
    },
    "Refracted Peccatulum Invidiae - Bladesworn Sec 11 Fixer 2 Class 1": {
        "id": 200043,
        "name": "Refracted Peccatulum Invidiae - Bladesworn Sec 11 Fixer 2 Class 1",
        "source_file": "data/profiles\\mdbladesworn.json",
        "base_hp": 20,
        "hp_increment_by_level": 2,
        "base_stagger": 15,
        "stagger_increment_by_level": 1,
        "base_max_light": 2,
        "base_light_gain": 1,
        "base_page_draw": 1,
        "base_min_speed": 1,
        "base_max_speed": 2,
        "attack_slot": 1,
        "level": 15,
        "base_hp_overwrite": 0,
        "base_stagger_overwrite": 0,
        "base_max_light_overwrite": 0,
        "base_light_gain_overwrite": 0,
        "base_page_draw_overwrite": 0,
        "base_min_speed_overwrite": 0,
        "base_max_speed_overwrite": 0,
        "hidden": [],
        "evade_queue": [],
        "temphidden": [],
        "stats_dict": {
            "str": 14,
            "int": 10,
            "con": 14,
            "cha": 10,
            "dex": 16
        },
        "nextturn": {
            "light": 0
        },
        "buffs": {},
        "passives": [],
        "faction": [
            "Retainer of the King in Binds",
            "Bladesworn Office Section 11",
            "Enemy"
        ],
        "exclude_targets_from_indiscriminate": [],
        "resistances": {
            "slash": 1.0,
            "blunt": 1.0,
            "pierce": 1.5
        },
        "stagger_resistances": {
            "slash": 1.0,
            "blunt": 1.0,
            "pierce": 1.5
        },
        "sin_resistances": {
            "Wrath": 1.0,
            "Lust": 1.0,
            "Sloth": 1.0,
            "Gluttony": 1.0,
            "Gloom": 1.0,
            "Pride": 1.0,
            "Envy": 1.0,
            "White": 1.0,
            "Black": 1.0,
            "none": 1.0
        },
        "deck": {
            "Storm of Strikes [疾風斬]": {
                "cost": 4,
                "amount": 1
            },
            "Three Step Slashing [三斬律]": {
                "cost": 2,
                "amount": 1
            },
            "Silent Strikes": {
                "cost": 2,
                "amount": 1
            },
            "Draw of the Sword - Vaiśravaṇa Style [切れ]": {
                "cost": 0,
                "amount": 2
            },
            "Two Guard [双守]": {
                "cost": 0,
                "amount": 1
            },
            "Disciplined Block and Pierce [盾穿衡]": {
                "cost": 1,
                "amount": 1
            },
            "Ready for Duel [一騎打ち]": {
                "cost": 2,
                "amount": 1
            },
            "Riddle Holes [刺す]": {
                "cost": 2,
                "amount": 1
            }
        },
        "hand": {},
        "original_resistances": {
            "slash": 1.0,
            "blunt": 1.0,
            "pierce": 1.5
        },
        "original_sin_resistances": {
            "Wrath": 1.0,
            "Lust": 1.0,
            "Sloth": 1.0,
            "Gluttony": 1.0,
            "Gloom": 1.0,
            "Pride": 1.0,
            "Envy": 1.0,
            "White": 1.0,
            "Black": 1.0,
            "none": 1.0
        },
        "effect_limits": {},
        "effect_limits_perm": {},
        "current_hp": 80,
        "current_shield": 0,
        "current_stagger": 60,
        "current_light": 3,
        "current_speed": 4,
        "offense_level_sources": {
            "base": 45
        },
        "defense_level_sources": {
            "base": 45
        },
        "attackslotchange": 0,
        "used": [],
        "is_active": false,
        "is_staggered": false,
        "staggeredThisTurn": false,
        "PlayerOrEnemy": "Enemy",
        "deploymentOrder": 0
    },
    "Refracted Peccatulum Invidiae - Bladesworn Sec 11 Fixer 3 Class 1": {
        "id": 200043,
        "name": "Refracted Peccatulum Invidiae - Bladesworn Sec 11 Fixer 3 Class 1",
        "source_file": "data/profiles\\mdbladesworn.json",
        "base_hp": 20,
        "hp_increment_by_level": 2,
        "base_stagger": 15,
        "stagger_increment_by_level": 1,
        "base_max_light": 2,
        "base_light_gain": 1,
        "base_page_draw": 1,
        "base_min_speed": 1,
        "base_max_speed": 2,
        "attack_slot": 1,
        "level": 15,
        "base_hp_overwrite": 0,
        "base_stagger_overwrite": 0,
        "base_max_light_overwrite": 0,
        "base_light_gain_overwrite": 0,
        "base_page_draw_overwrite": 0,
        "base_min_speed_overwrite": 0,
        "base_max_speed_overwrite": 0,
        "hidden": [],
        "evade_queue": [],
        "temphidden": [],
        "stats_dict": {
            "str": 14,
            "int": 10,
            "con": 14,
            "cha": 10,
            "dex": 16
        },
        "nextturn": {
            "light": 0
        },
        "buffs": {},
        "passives": [],
        "faction": [
            "Retainer of the King in Binds",
            "Bladesworn Office Section 11",
            "Enemy"
        ],
        "exclude_targets_from_indiscriminate": [],
        "resistances": {
            "slash": 1.0,
            "blunt": 1.0,
            "pierce": 1.5
        },
        "stagger_resistances": {
            "slash": 1.0,
            "blunt": 1.0,
            "pierce": 1.5
        },
        "sin_resistances": {
            "Wrath": 1.0,
            "Lust": 1.0,
            "Sloth": 1.0,
            "Gluttony": 1.0,
            "Gloom": 1.0,
            "Pride": 1.0,
            "Envy": 1.0,
            "White": 1.0,
            "Black": 1.0,
            "none": 1.0
        },
        "deck": {
            "Storm of Strikes [疾風斬]": {
                "cost": 4,
                "amount": 1
            },
            "Three Step Slashing [三斬律]": {
                "cost": 2,
                "amount": 1
            },
            "Silent Strikes": {
                "cost": 2,
                "amount": 1
            },
            "Draw of the Sword - Vaiśravaṇa Style [切れ]": {
                "cost": 0,
                "amount": 2
            },
            "Two Guard [双守]": {
                "cost": 0,
                "amount": 1
            },
            "Disciplined Block and Pierce [盾穿衡]": {
                "cost": 1,
                "amount": 1
            },
            "Ready for Duel [一騎打ち]": {
                "cost": 2,
                "amount": 1
            },
            "Riddle Holes [刺す]": {
                "cost": 2,
                "amount": 1
            }
        },
        "hand": {},
        "original_resistances": {
            "slash": 1.0,
            "blunt": 1.0,
            "pierce": 1.5
        },
        "original_sin_resistances": {
            "Wrath": 1.0,
            "Lust": 1.0,
            "Sloth": 1.0,
            "Gluttony": 1.0,
            "Gloom": 1.0,
            "Pride": 1.0,
            "Envy": 1.0,
            "White": 1.0,
            "Black": 1.0,
            "none": 1.0
        },
        "effect_limits": {},
        "effect_limits_perm": {},
        "current_hp": 80,
        "current_shield": 0,
        "current_stagger": 60,
        "current_light": 3,
        "current_speed": 7,
        "offense_level_sources": {
            "base": 45
        },
        "defense_level_sources": {
            "base": 45
        },
        "attackslotchange": 0,
        "used": [],
        "is_active": false,
        "is_staggered": false,
        "staggeredThisTurn": false,
        "PlayerOrEnemy": "Enemy",
        "deploymentOrder": 0
    },
    "Refracted Peccatulum Invidiae - Bladesworn Sec 11 Fixer 4 Class 1": {
        "id": 200043,
        "name": "Refracted Peccatulum Invidiae - Bladesworn Sec 11 Fixer 4 Class 1",
        "source_file": "data/profiles\\mdbladesworn.json",
        "base_hp": 20,
        "hp_increment_by_level": 2,
        "base_stagger": 15,
        "stagger_increment_by_level": 1,
        "base_max_light": 2,
        "base_light_gain": 1,
        "base_page_draw": 1,
        "base_min_speed": 1,
        "base_max_speed": 2,
        "attack_slot": 1,
        "level": 15,
        "base_hp_overwrite": 0,
        "base_stagger_overwrite": 0,
        "base_max_light_overwrite": 0,
        "base_light_gain_overwrite": 0,
        "base_page_draw_overwrite": 0,
        "base_min_speed_overwrite": 0,
        "base_max_speed_overwrite": 0,
        "hidden": [],
        "evade_queue": [],
        "temphidden": [],
        "stats_dict": {
            "str": 14,
            "int": 10,
            "con": 14,
            "cha": 10,
            "dex": 16
        },
        "nextturn": {
            "light": 0
        },
        "buffs": {},
        "passives": [],
        "faction": [
            "Retainer of the King in Binds",
            "Bladesworn Office Section 11",
            "Enemy"
        ],
        "exclude_targets_from_indiscriminate": [],
        "resistances": {
            "slash": 1.5,
            "blunt": 1.0,
            "pierce": 1.5
        },
        "stagger_resistances": {
            "slash": 1.0,
            "blunt": 1.0,
            "pierce": 1.5
        },
        "sin_resistances": {
            "Wrath": 1.0,
            "Lust": 1.0,
            "Sloth": 1.0,
            "Gluttony": 1.0,
            "Gloom": 1.0,
            "Pride": 1.0,
            "Envy": 1.0,
            "White": 1.0,
            "Black": 1.0,
            "none": 1.0
        },
        "deck": {
            "Storm of Strikes [疾風斬]": {
                "cost": 4,
                "amount": 1
            },
            "Three Step Slashing [三斬律]": {
                "cost": 2,
                "amount": 1
            },
            "Silent Strikes": {
                "cost": 2,
                "amount": 1
            },
            "Draw of the Sword - Vaiśravaṇa Style [切れ]": {
                "cost": 0,
                "amount": 2
            },
            "Two Guard [双守]": {
                "cost": 0,
                "amount": 1
            },
            "Disciplined Block and Pierce [盾穿衡]": {
                "cost": 1,
                "amount": 1
            },
            "Ready for Duel [一騎打ち]": {
                "cost": 2,
                "amount": 1
            },
            "Riddle Holes [刺す]": {
                "cost": 2,
                "amount": 1
            }
        },
        "hand": {},
        "original_resistances": {
            "slash": 1.5,
            "blunt": 1.0,
            "pierce": 1.5
        },
        "original_sin_resistances": {
            "Wrath": 1.0,
            "Lust": 1.0,
            "Sloth": 1.0,
            "Gluttony": 1.0,
            "Gloom": 1.0,
            "Pride": 1.0,
            "Envy": 1.0,
            "White": 1.0,
            "Black": 1.0,
            "none": 1.0
        },
        "effect_limits": {},
        "effect_limits_perm": {},
        "current_hp": 80,
        "current_shield": 0,
        "current_stagger": 60,
        "current_light": 3,
        "current_speed": 7,
        "offense_level_sources": {
            "base": 45
        },
        "defense_level_sources": {
            "base": 45
        },
        "attackslotchange": 0,
        "used": [],
        "is_active": false,
        "is_staggered": false,
        "staggeredThisTurn": false,
        "PlayerOrEnemy": "Enemy",
        "deploymentOrder": 0
    },
    "Refracted Peccatulum Invidiae - Bladesworn Sec 11 Fixer 5 Class 1": {
        "id": 200043,
        "name": "Refracted Peccatulum Invidiae - Bladesworn Sec 11 Fixer 5 Class 1",
        "source_file": "data/profiles\\mdbladesworn.json",
        "base_hp": 20,
        "hp_increment_by_level": 2,
        "base_stagger": 15,
        "stagger_increment_by_level": 1,
        "base_max_light": 2,
        "base_light_gain": 1,
        "base_page_draw": 1,
        "base_min_speed": 1,
        "base_max_speed": 2,
        "attack_slot": 1,
        "level": 15,
        "base_hp_overwrite": 0,
        "base_stagger_overwrite": 0,
        "base_max_light_overwrite": 0,
        "base_light_gain_overwrite": 0,
        "base_page_draw_overwrite": 0,
        "base_min_speed_overwrite": 0,
        "base_max_speed_overwrite": 0,
        "hidden": [],
        "evade_queue": [],
        "temphidden": [],
        "stats_dict": {
            "str": 14,
            "int": 10,
            "con": 14,
            "cha": 10,
            "dex": 16
        },
        "nextturn": {
            "light": 0
        },
        "buffs": {},
        "passives": [],
        "faction": [
            "Retainer of the King in Binds",
            "Bladesworn Office Section 11",
            "Enemy"
        ],
        "exclude_targets_from_indiscriminate": [],
        "resistances": {
            "slash": 1.0,
            "blunt": 1.0,
            "pierce": 1.5
        },
        "stagger_resistances": {
            "slash": 1.0,
            "blunt": 1.0,
            "pierce": 1.5
        },
        "sin_resistances": {
            "Wrath": 1.0,
            "Lust": 1.0,
            "Sloth": 1.0,
            "Gluttony": 1.0,
            "Gloom": 1.0,
            "Pride": 1.0,
            "Envy": 1.0,
            "White": 1.0,
            "Black": 1.0,
            "none": 1.0
        },
        "deck": {
            "Storm of Strikes [疾風斬]": {
                "cost": 4,
                "amount": 1
            },
            "Three Step Slashing [三斬律]": {
                "cost": 2,
                "amount": 1
            },
            "Silent Strikes": {
                "cost": 2,
                "amount": 1
            },
            "Draw of the Sword - Vaiśravaṇa Style [切れ]": {
                "cost": 0,
                "amount": 2
            },
            "Two Guard [双守]": {
                "cost": 0,
                "amount": 1
            },
            "Disciplined Block and Pierce [盾穿衡]": {
                "cost": 1,
                "amount": 1
            },
            "Ready for Duel [一騎打ち]": {
                "cost": 2,
                "amount": 1
            },
            "Riddle Holes [刺す]": {
                "cost": 2,
                "amount": 1
            }
        },
        "hand": {},
        "original_resistances": {
            "slash": 1.0,
            "blunt": 1.0,
            "pierce": 1.5
        },
        "original_sin_resistances": {
            "Wrath": 1.0,
            "Lust": 1.0,
            "Sloth": 1.0,
            "Gluttony": 1.0,
            "Gloom": 1.0,
            "Pride": 1.0,
            "Envy": 1.0,
            "White": 1.0,
            "Black": 1.0,
            "none": 1.0
        },
        "effect_limits": {},
        "effect_limits_perm": {},
        "current_hp": 80,
        "current_shield": 0,
        "current_stagger": 60,
        "current_light": 3,
        "current_speed": 6,
        "offense_level_sources": {
            "base": 45
        },
        "defense_level_sources": {
            "base": 45
        },
        "attackslotchange": 0,
        "used": [],
        "is_active": false,
        "is_staggered": false,
        "staggeredThisTurn": false,
        "PlayerOrEnemy": "Enemy",
        "deploymentOrder": 0
    }
}