{
    "The Black Silence": {
        "id": 100011,
        "name": "The Black Silence",
        "source_file": "data/profiles\\mdBossNode.json",
        "base_hp": 0,
        "hp_increment_by_level": 0,
        "base_stagger": 0,
        "stagger_increment_by_level": 0,
        "base_max_light": 0,
        "base_light_gain": 0,
        "base_page_draw": 0,
        "base_min_speed": 0,
        "base_max_speed": 0,
        "attack_slot": 5,
        "level": 40,
        "base_hp_overwrite": 800,
        "base_stagger_overwrite": 750,
        "base_max_light_overwrite": 6,
        "base_light_gain_overwrite": 1,
        "base_page_draw_overwrite": 2,
        "base_min_speed_overwrite": 2,
        "base_max_speed_overwrite": 7,
        "hidden": [],
        "evade_queue": [],
        "temphidden": [],
        "stats_dict": {
            "str": 10,
            "int": 10,
            "con": 10,
            "cha": 10,
            "dex": 10
        },
        "nextturn": {
            "light": 0
        },
        "buffs": {
            "Ammo": {
                "stack": 20
            },
            "Bleed": {
                "stack": 4,
                "count": 1
            },
            "Clash Power Down": {
                "stack": 7,
                "volatile": true
            },
            "Fragile": {
                "stack": 5,
                "volatile": true
            },
            "Bind": {
                "stack": 5,
                "volatile": true
            },
            "Tremor": {
                "stack": 18,
                "count": 11
            }
        },
        "passives": [],
        "faction": [
            "Enemy",
            "Charles Office",
            "Grade 9 Fixer"
        ],
        "exclude_targets_from_indiscriminate": [],
        "resistances": {
            "slash": 2.0,
            "blunt": 2.0,
            "pierce": 2.0
        },
        "stagger_resistances": {
            "slash": 1.0,
            "blunt": 1.0,
            "pierce": 0.5
        },
        "sin_resistances": {
            "Wrath": 1.0,
            "Lust": 1.0,
            "Sloth": 1.0,
            "Gluttony": 1.0,
            "Gloom": 1.0,
            "Pride": 1.0,
            "Envy": 1.0,
            "white": 2.0,
            "black": 2.0,
            "none": 1.0
        },
        "deck": {
            "Allas Workshop": {
                "cost": 0,
                "amount": 1
            },
            "Wheel’s Industry": {
                "cost": 0,
                "amount": 1
            },
            "Zelkova Workshop": {
                "cost": 0,
                "amount": 1
            },
            "Old Boys Workshop": {
                "cost": 0,
                "amount": 1
            },
            "Mook Workshop": {
                "cost": 0,
                "amount": 1
            },
            "Ranga Workshop": {
                "cost": 0,
                "amount": 1
            },
            "Crystal Atelier": {
                "cost": 0,
                "amount": 1
            },
            "Atelier Logic": {
                "cost": 0,
                "amount": 1
            },
            "Durandal": {
                "cost": 0,
                "amount": 1
            }
        },
        "hand": {
            "Allas Workshop": {
                "cost": 0,
                "amount": 1
            },
            "Old Boys Workshop": {
                "cost": 0,
                "amount": 1
            },
            "Wheel’s Industry": {
                "cost": 0,
                "amount": 1
            },
            "Zelkova Workshop": {
                "cost": 0,
                "amount": 1
            },
            "Mook Workshop": {
                "cost": 0,
                "amount": 1
            }
        },
        "original_resistances": {
            "slash": 1.0,
            "blunt": 1.0,
            "pierce": 0.5
        },
        "original_sin_resistances": {
            "Wrath": 1.0,
            "Lust": 1.0,
            "Sloth": 1.0,
            "Gluttony": 1.0,
            "Gloom": 1.0,
            "Pride": 1.0,
            "Envy": 1.0,
            "white": 2.0,
            "black": 2.0,
            "none": 1.0
        },
        "effect_limits": {},
        "effect_limits_perm": {},
        "current_hp": -2508,
        "current_shield": 0,
        "current_stagger": -378.5,
        "current_light": 6,
        "current_speed": 6,
        "offense_level_sources": {
            "base": 120
        },
        "defense_level_sources": {
            "base": 120
        },
        "attackslotchange": 0,
        "used": [],
        "is_active": false,
        "is_staggered": true,
        "staggeredThisTurn": false,
        "PlayerOrEnemy": "Enemy",
        "deploymentOrder": 0
    },
    "Refracted Hard Trihook Syndicate Member 1": {
        "id": 200043,
        "name": "Refracted Hard Trihook Syndicate Member 1",
        "source_file": "data/profiles\\mdBossNode.json",
        "base_hp": 20,
        "hp_increment_by_level": 2,
        "base_stagger": 15,
        "stagger_increment_by_level": 1,
        "base_max_light": 2,
        "base_light_gain": 1,
        "base_page_draw": 1,
        "base_min_speed": 1,
        "base_max_speed": 2,
        "attack_slot": 1,
        "level": 14,
        "base_hp_overwrite": 0,
        "base_stagger_overwrite": 0,
        "base_max_light_overwrite": 0,
        "base_light_gain_overwrite": 0,
        "base_page_draw_overwrite": 0,
        "base_min_speed_overwrite": 0,
        "base_max_speed_overwrite": 0,
        "hidden": [],
        "evade_queue": [],
        "temphidden": [],
        "stats_dict": {
            "str": 22,
            "int": 22,
            "con": 28,
            "cha": 14,
            "dex": 16
        },
        "nextturn": {
            "light": 0
        },
        "buffs": {},
        "passives": [],
        "faction": [
            "Trihook Syndicate",
            "Enemy"
        ],
        "exclude_targets_from_indiscriminate": [],
        "resistances": {
            "slash": 0.8,
            "blunt": 0.8,
            "pierce": 0.8
        },
        "stagger_resistances": {
            "slash": 1.0,
            "blunt": 0.5,
            "pierce": 1.5
        },
        "sin_resistances": {
            "Wrath": 1.0,
            "Lust": 1.0,
            "Sloth": 1.0,
            "Gluttony": 1.0,
            "Gloom": 1.0,
            "Pride": 1.0,
            "Envy": 1.0,
            "White": 2.0,
            "Black": 2.0,
            "none": 1.0
        },
        "deck": {
            "Hook In": {
                "cost": 0,
                "amount": 2
            },
            "Lazy Jackasses": {
                "cost": 2,
                "amount": 2
            },
            "Run Away, Then Dig In": {
                "cost": 1,
                "amount": 1
            },
            "Yawn…. This Mission Kinda Sucks": {
                "cost": 2,
                "amount": 1
            },
            "Flesh Diggin’": {
                "cost": 2,
                "amount": 1
            },
            "Cross Em Out": {
                "cost": 3,
                "amount": 1
            },
            "Tear Into Them": {
                "cost": 4,
                "amount": 1
            }
        },
        "hand": {},
        "original_resistances": {
            "slash": 0.8,
            "blunt": 0.8,
            "pierce": 0.8
        },
        "original_sin_resistances": {
            "Wrath": 1.0,
            "Lust": 1.0,
            "Sloth": 1.0,
            "Gluttony": 1.0,
            "Gloom": 1.0,
            "Pride": 1.0,
            "Envy": 1.0,
            "White": 2.0,
            "Black": 2.0,
            "none": 1.0
        },
        "effect_limits": {},
        "effect_limits_perm": {},
        "current_hp": 174,
        "current_shield": 0,
        "current_stagger": 113,
        "current_light": 5,
        "current_speed": 5,
        "offense_level_sources": {
            "base": 42
        },
        "defense_level_sources": {
            "base": 42
        },
        "attackslotchange": 0,
        "used": [],
        "is_active": false,
        "is_staggered": false,
        "staggeredThisTurn": false,
        "PlayerOrEnemy": "Enemy",
        "deploymentOrder": 0
    },
    "Refracted Hard Trihook Syndicate Member 2": {
        "id": 200043,
        "name": "Refracted Hard Trihook Syndicate Member 2",
        "source_file": "data/profiles\\mdBossNode.json",
        "base_hp": 20,
        "hp_increment_by_level": 2,
        "base_stagger": 15,
        "stagger_increment_by_level": 1,
        "base_max_light": 2,
        "base_light_gain": 1,
        "base_page_draw": 1,
        "base_min_speed": 1,
        "base_max_speed": 2,
        "attack_slot": 1,
        "level": 14,
        "base_hp_overwrite": 0,
        "base_stagger_overwrite": 0,
        "base_max_light_overwrite": 0,
        "base_light_gain_overwrite": 0,
        "base_page_draw_overwrite": 0,
        "base_min_speed_overwrite": 0,
        "base_max_speed_overwrite": 0,
        "hidden": [],
        "evade_queue": [],
        "temphidden": [],
        "stats_dict": {
            "str": 22,
            "int": 22,
            "con": 28,
            "cha": 14,
            "dex": 16
        },
        "nextturn": {
            "light": 0
        },
        "buffs": {},
        "passives": [],
        "faction": [
            "Trihook Syndicate",
            "Enemy"
        ],
        "exclude_targets_from_indiscriminate": [],
        "resistances": {
            "slash": 0.8,
            "blunt": 0.8,
            "pierce": 0.8
        },
        "stagger_resistances": {
            "slash": 1.0,
            "blunt": 0.5,
            "pierce": 1.5
        },
        "sin_resistances": {
            "Wrath": 1.0,
            "Lust": 1.0,
            "Sloth": 1.0,
            "Gluttony": 1.0,
            "Gloom": 1.0,
            "Pride": 1.0,
            "Envy": 1.0,
            "White": 2.0,
            "Black": 2.0,
            "none": 1.0
        },
        "deck": {
            "Hook In": {
                "cost": 0,
                "amount": 2
            },
            "Lazy Jackasses": {
                "cost": 2,
                "amount": 2
            },
            "Run Away, Then Dig In": {
                "cost": 1,
                "amount": 1
            },
            "Yawn…. This Mission Kinda Sucks": {
                "cost": 2,
                "amount": 1
            },
            "Flesh Diggin’": {
                "cost": 2,
                "amount": 1
            },
            "Cross Em Out": {
                "cost": 3,
                "amount": 1
            },
            "Tear Into Them": {
                "cost": 4,
                "amount": 1
            }
        },
        "hand": {},
        "original_resistances": {
            "slash": 0.8,
            "blunt": 0.8,
            "pierce": 0.8
        },
        "original_sin_resistances": {
            "Wrath": 1.0,
            "Lust": 1.0,
            "Sloth": 1.0,
            "Gluttony": 1.0,
            "Gloom": 1.0,
            "Pride": 1.0,
            "Envy": 1.0,
            "White": 2.0,
            "Black": 2.0,
            "none": 1.0
        },
        "effect_limits": {},
        "effect_limits_perm": {},
        "current_hp": 174,
        "current_shield": 0,
        "current_stagger": 113,
        "current_light": 5,
        "current_speed": 4,
        "offense_level_sources": {
            "base": 42
        },
        "defense_level_sources": {
            "base": 42
        },
        "attackslotchange": 0,
        "used": [],
        "is_active": false,
        "is_staggered": false,
        "staggeredThisTurn": false,
        "PlayerOrEnemy": "Enemy",
        "deploymentOrder": 0
    },
    "Refracted Hard Trihook Syndicate Member 3": {
        "id": 200043,
        "name": "Refracted Hard Trihook Syndicate Member 3",
        "source_file": "data/profiles\\mdBossNode.json",
        "base_hp": 20,
        "hp_increment_by_level": 2,
        "base_stagger": 15,
        "stagger_increment_by_level": 1,
        "base_max_light": 2,
        "base_light_gain": 1,
        "base_page_draw": 1,
        "base_min_speed": 1,
        "base_max_speed": 2,
        "attack_slot": 1,
        "level": 14,
        "base_hp_overwrite": 0,
        "base_stagger_overwrite": 0,
        "base_max_light_overwrite": 0,
        "base_light_gain_overwrite": 0,
        "base_page_draw_overwrite": 0,
        "base_min_speed_overwrite": 0,
        "base_max_speed_overwrite": 0,
        "hidden": [],
        "evade_queue": [],
        "temphidden": [],
        "stats_dict": {
            "str": 22,
            "int": 22,
            "con": 28,
            "cha": 14,
            "dex": 16
        },
        "nextturn": {
            "light": 0
        },
        "buffs": {},
        "passives": [],
        "faction": [
            "Trihook Syndicate",
            "Enemy"
        ],
        "exclude_targets_from_indiscriminate": [],
        "resistances": {
            "slash": 0.8,
            "blunt": 0.8,
            "pierce": 0.8
        },
        "stagger_resistances": {
            "slash": 1.0,
            "blunt": 0.5,
            "pierce": 1.5
        },
        "sin_resistances": {
            "Wrath": 1.0,
            "Lust": 1.0,
            "Sloth": 1.0,
            "Gluttony": 1.0,
            "Gloom": 1.0,
            "Pride": 1.0,
            "Envy": 1.0,
            "White": 2.0,
            "Black": 2.0,
            "none": 1.0
        },
        "deck": {
            "Hook In": {
                "cost": 0,
                "amount": 2
            },
            "Lazy Jackasses": {
                "cost": 2,
                "amount": 2
            },
            "Run Away, Then Dig In": {
                "cost": 1,
                "amount": 1
            },
            "Yawn…. This Mission Kinda Sucks": {
                "cost": 2,
                "amount": 1
            },
            "Flesh Diggin’": {
                "cost": 2,
                "amount": 1
            },
            "Cross Em Out": {
                "cost": 3,
                "amount": 1
            },
            "Tear Into Them": {
                "cost": 4,
                "amount": 1
            }
        },
        "hand": {},
        "original_resistances": {
            "slash": 0.8,
            "blunt": 0.8,
            "pierce": 0.8
        },
        "original_sin_resistances": {
            "Wrath": 1.0,
            "Lust": 1.0,
            "Sloth": 1.0,
            "Gluttony": 1.0,
            "Gloom": 1.0,
            "Pride": 1.0,
            "Envy": 1.0,
            "White": 2.0,
            "Black": 2.0,
            "none": 1.0
        },
        "effect_limits": {},
        "effect_limits_perm": {},
        "current_hp": 174,
        "current_shield": 0,
        "current_stagger": 113,
        "current_light": 5,
        "current_speed": 5,
        "offense_level_sources": {
            "base": 42
        },
        "defense_level_sources": {
            "base": 42
        },
        "attackslotchange": 0,
        "used": [],
        "is_active": false,
        "is_staggered": false,
        "staggeredThisTurn": false,
        "PlayerOrEnemy": "Enemy",
        "deploymentOrder": 0
    },
    "Refracted Hard Trihook Syndicate Member 4": {
        "id": 200043,
        "name": "Refracted Hard Trihook Syndicate Member 4",
        "source_file": "data/profiles\\mdBossNode.json",
        "base_hp": 20,
        "hp_increment_by_level": 2,
        "base_stagger": 15,
        "stagger_increment_by_level": 1,
        "base_max_light": 2,
        "base_light_gain": 1,
        "base_page_draw": 1,
        "base_min_speed": 1,
        "base_max_speed": 2,
        "attack_slot": 1,
        "level": 14,
        "base_hp_overwrite": 0,
        "base_stagger_overwrite": 0,
        "base_max_light_overwrite": 0,
        "base_light_gain_overwrite": 0,
        "base_page_draw_overwrite": 0,
        "base_min_speed_overwrite": 0,
        "base_max_speed_overwrite": 0,
        "hidden": [],
        "evade_queue": [],
        "temphidden": [],
        "stats_dict": {
            "str": 22,
            "int": 22,
            "con": 28,
            "cha": 14,
            "dex": 16
        },
        "nextturn": {
            "light": 0
        },
        "buffs": {},
        "passives": [],
        "faction": [
            "Trihook Syndicate",
            "Enemy"
        ],
        "exclude_targets_from_indiscriminate": [],
        "resistances": {
            "slash": 0.8,
            "blunt": 0.8,
            "pierce": 0.8
        },
        "stagger_resistances": {
            "slash": 1.0,
            "blunt": 0.5,
            "pierce": 1.5
        },
        "sin_resistances": {
            "Wrath": 1.0,
            "Lust": 1.0,
            "Sloth": 1.0,
            "Gluttony": 1.0,
            "Gloom": 1.0,
            "Pride": 1.0,
            "Envy": 1.0,
            "White": 2.0,
            "Black": 2.0,
            "none": 1.0
        },
        "deck": {
            "Hook In": {
                "cost": 0,
                "amount": 2
            },
            "Lazy Jackasses": {
                "cost": 2,
                "amount": 2
            },
            "Run Away, Then Dig In": {
                "cost": 1,
                "amount": 1
            },
            "Yawn…. This Mission Kinda Sucks": {
                "cost": 2,
                "amount": 1
            },
            "Flesh Diggin’": {
                "cost": 2,
                "amount": 1
            },
            "Cross Em Out": {
                "cost": 3,
                "amount": 1
            },
            "Tear Into Them": {
                "cost": 4,
                "amount": 1
            }
        },
        "hand": {},
        "original_resistances": {
            "slash": 0.8,
            "blunt": 0.8,
            "pierce": 0.8
        },
        "original_sin_resistances": {
            "Wrath": 1.0,
            "Lust": 1.0,
            "Sloth": 1.0,
            "Gluttony": 1.0,
            "Gloom": 1.0,
            "Pride": 1.0,
            "Envy": 1.0,
            "White": 2.0,
            "Black": 2.0,
            "none": 1.0
        },
        "effect_limits": {},
        "effect_limits_perm": {},
        "current_hp": 174,
        "current_shield": 0,
        "current_stagger": 113,
        "current_light": 5,
        "current_speed": 5,
        "offense_level_sources": {
            "base": 42
        },
        "defense_level_sources": {
            "base": 42
        },
        "attackslotchange": 0,
        "used": [],
        "is_active": false,
        "is_staggered": false,
        "staggeredThisTurn": false,
        "PlayerOrEnemy": "Enemy",
        "deploymentOrder": 0
    },
    "Refracted Hard Trihook Syndicate Member 5": {
        "id": 200043,
        "name": "Refracted Hard Trihook Syndicate Member 5",
        "source_file": "data/profiles\\mdBossNode.json",
        "base_hp": 20,
        "hp_increment_by_level": 2,
        "base_stagger": 15,
        "stagger_increment_by_level": 1,
        "base_max_light": 2,
        "base_light_gain": 1,
        "base_page_draw": 1,
        "base_min_speed": 1,
        "base_max_speed": 2,
        "attack_slot": 1,
        "level": 14,
        "base_hp_overwrite": 0,
        "base_stagger_overwrite": 0,
        "base_max_light_overwrite": 0,
        "base_light_gain_overwrite": 0,
        "base_page_draw_overwrite": 0,
        "base_min_speed_overwrite": 0,
        "base_max_speed_overwrite": 0,
        "hidden": [],
        "evade_queue": [],
        "temphidden": [],
        "stats_dict": {
            "str": 22,
            "int": 22,
            "con": 28,
            "cha": 14,
            "dex": 16
        },
        "nextturn": {
            "light": 0
        },
        "buffs": {},
        "passives": [],
        "faction": [
            "Trihook Syndicate",
            "Enemy"
        ],
        "exclude_targets_from_indiscriminate": [],
        "resistances": {
            "slash": 0.8,
            "blunt": 0.8,
            "pierce": 0.8
        },
        "stagger_resistances": {
            "slash": 1.0,
            "blunt": 0.5,
            "pierce": 1.5
        },
        "sin_resistances": {
            "Wrath": 1.0,
            "Lust": 1.0,
            "Sloth": 1.0,
            "Gluttony": 1.0,
            "Gloom": 1.0,
            "Pride": 1.0,
            "Envy": 1.0,
            "White": 2.0,
            "Black": 2.0,
            "none": 1.0
        },
        "deck": {
            "Hook In": {
                "cost": 0,
                "amount": 2
            },
            "Lazy Jackasses": {
                "cost": 2,
                "amount": 2
            },
            "Run Away, Then Dig In": {
                "cost": 1,
                "amount": 1
            },
            "Yawn…. This Mission Kinda Sucks": {
                "cost": 2,
                "amount": 1
            },
            "Flesh Diggin’": {
                "cost": 2,
                "amount": 1
            },
            "Cross Em Out": {
                "cost": 3,
                "amount": 1
            },
            "Tear Into Them": {
                "cost": 4,
                "amount": 1
            }
        },
        "hand": {},
        "original_resistances": {
            "slash": 0.8,
            "blunt": 0.8,
            "pierce": 0.8
        },
        "original_sin_resistances": {
            "Wrath": 1.0,
            "Lust": 1.0,
            "Sloth": 1.0,
            "Gluttony": 1.0,
            "Gloom": 1.0,
            "Pride": 1.0,
            "Envy": 1.0,
            "White": 2.0,
            "Black": 2.0,
            "none": 1.0
        },
        "effect_limits": {},
        "effect_limits_perm": {},
        "current_hp": 174,
        "current_shield": 0,
        "current_stagger": 113,
        "current_light": 5,
        "current_speed": 6,
        "offense_level_sources": {
            "base": 42
        },
        "defense_level_sources": {
            "base": 42
        },
        "attackslotchange": 0,
        "used": [],
        "is_active": false,
        "is_staggered": false,
        "staggeredThisTurn": false,
        "PlayerOrEnemy": "Enemy",
        "deploymentOrder": 0
    },
    "Refracted Olga": {
        "id": 100011,
        "name": "Refracted Olga",
        "source_file": "data/profiles\\mdBossNode.json",
        "base_hp": 0,
        "hp_increment_by_level": 0,
        "base_stagger": 0,
        "stagger_increment_by_level": 0,
        "base_max_light": 0,
        "base_light_gain": 0,
        "base_page_draw": 0,
        "base_min_speed": 0,
        "base_max_speed": 0,
        "attack_slot": 2,
        "level": 15,
        "base_hp_overwrite": 125,
        "base_stagger_overwrite": 68,
        "base_max_light_overwrite": 6,
        "base_light_gain_overwrite": 1,
        "base_page_draw_overwrite": 2,
        "base_min_speed_overwrite": 2,
        "base_max_speed_overwrite": 5,
        "hidden": [],
        "evade_queue": [],
        "temphidden": [],
        "stats_dict": {
            "str": 10,
            "int": 10,
            "const": 10,
            "chr": 10,
            "dex": 10
        },
        "nextturn": {
            "light": 0
        },
        "buffs": {},
        "passives": [],
        "faction": [
            "Enemy",
            "Molar Office Fixer",
            "Grade 5 Fixer"
        ],
        "exclude_targets_from_indiscriminate": [],
        "resistances": {
            "slash": 1.0,
            "blunt": 1.0,
            "pierce": 0.5
        },
        "stagger_resistances": {
            "slash": 1.0,
            "blunt": 1.0,
            "pierce": 0.5
        },
        "sin_resistances": {
            "Wrath": 1.0,
            "Lust": 1.0,
            "Sloth": 1.0,
            "Gluttony": 1.0,
            "Gloom": 1.0,
            "Pride": 1.0,
            "Envy": 1.0,
            "white": 2.0,
            "black": 2.0,
            "none": 1.0
        },
        "deck": {
            "Wait Up!": {
                "cost": 0,
                "amount": 1
            },
            "Hangover Cure": {
                "cost": 2,
                "amount": 1
            },
            "Daring Decision": {
                "cost": 3,
                "amount": 3
            },
            "Slice": {
                "cost": 1,
                "amount": 2
            },
            "The Art of Rapid Steps": {
                "cost": 1,
                "amount": 1
            },
            "Fierce Onslaught": {
                "cost": 1,
                "amount": 1
            }
        },
        "hand": {},
        "original_resistances": {
            "slash": 1.0,
            "blunt": 1.0,
            "pierce": 0.5
        },
        "original_sin_resistances": {
            "Wrath": 1.0,
            "Lust": 1.0,
            "Sloth": 1.0,
            "Gluttony": 1.0,
            "Gloom": 1.0,
            "Pride": 1.0,
            "Envy": 1.0,
            "white": 2.0,
            "black": 2.0,
            "none": 1.0
        },
        "effect_limits": {},
        "effect_limits_perm": {},
        "current_hp": 125,
        "current_shield": 0,
        "current_stagger": 68,
        "current_light": 6,
        "current_speed": 6,
        "offense_level_sources": {
            "base": 45
        },
        "defense_level_sources": {
            "base": 45
        },
        "attackslotchange": 0,
        "used": [],
        "is_active": false,
        "is_staggered": false,
        "staggeredThisTurn": false,
        "PlayerOrEnemy": "Enemy",
        "deploymentOrder": 0
    },
    "Refracted Mika": {
        "id": 100011,
        "name": "Refracted Mika",
        "source_file": "data/profiles\\mdBossNode.json",
        "base_hp": 0,
        "hp_increment_by_level": 0,
        "base_stagger": 0,
        "stagger_increment_by_level": 0,
        "base_max_light": 0,
        "base_light_gain": 0,
        "base_page_draw": 0,
        "base_min_speed": 0,
        "base_max_speed": 0,
        "attack_slot": 2,
        "level": 14,
        "base_hp_overwrite": 70,
        "base_stagger_overwrite": 32,
        "base_max_light_overwrite": 5,
        "base_light_gain_overwrite": 1,
        "base_page_draw_overwrite": 2,
        "base_min_speed_overwrite": 2,
        "base_max_speed_overwrite": 5,
        "hidden": [],
        "evade_queue": [],
        "temphidden": [],
        "stats_dict": {
            "str": 10,
            "int": 10,
            "const": 10,
            "chr": 10,
            "dex": 10
        },
        "nextturn": {
            "light": 0
        },
        "buffs": {},
        "passives": [],
        "faction": [
            "Enemy",
            "Molar Office Fixer",
            "Grade 7 Fixer"
        ],
        "exclude_targets_from_indiscriminate": [],
        "resistances": {
            "slash": 1.5,
            "blunt": 1.0,
            "pierce": 1.0
        },
        "stagger_resistances": {
            "slash": 2,
            "blunt": 0.5,
            "pierce": 1.0
        },
        "sin_resistances": {
            "Wrath": 1.0,
            "Lust": 1.0,
            "Sloth": 1.0,
            "Gluttony": 1.0,
            "Gloom": 1.0,
            "Pride": 1.0,
            "Envy": 1.0,
            "white": 2.0,
            "black": 2.0,
            "none": 1.0
        },
        "deck": {
            "Wait Up!": {
                "cost": 0,
                "amount": 2
            },
            "Daring Decision": {
                "cost": 3,
                "amount": 1
            },
            "Slice": {
                "cost": 1,
                "amount": 2
            },
            "The Art of Rapid Steps": {
                "cost": 1,
                "amount": 2
            },
            "Fierce Onslaught": {
                "cost": 1,
                "amount": 2
            }
        },
        "hand": {},
        "original_resistances": {
            "slash": 1.5,
            "blunt": 1.0,
            "pierce": 1.0
        },
        "original_sin_resistances": {
            "Wrath": 1.0,
            "Lust": 1.0,
            "Sloth": 1.0,
            "Gluttony": 1.0,
            "Gloom": 1.0,
            "Pride": 1.0,
            "Envy": 1.0,
            "white": 2.0,
            "black": 2.0,
            "none": 1.0
        },
        "effect_limits": {},
        "effect_limits_perm": {},
        "current_hp": 70,
        "current_shield": 0,
        "current_stagger": 32,
        "current_light": 5,
        "current_speed": 2,
        "offense_level_sources": {
            "base": 42
        },
        "defense_level_sources": {
            "base": 42
        },
        "attackslotchange": 0,
        "used": [],
        "is_active": false,
        "is_staggered": false,
        "staggeredThisTurn": false,
        "PlayerOrEnemy": "Enemy",
        "deploymentOrder": 0
    },
    "Refracted Rain": {
        "id": 100011,
        "name": "Refracted Rain",
        "source_file": "data/profiles\\mdBossNode.json",
        "base_hp": 0,
        "hp_increment_by_level": 0,
        "base_stagger": 0,
        "stagger_increment_by_level": 0,
        "base_max_light": 0,
        "base_light_gain": 0,
        "base_page_draw": 0,
        "base_min_speed": 0,
        "base_max_speed": 0,
        "attack_slot": 1,
        "level": 14,
        "base_hp_overwrite": 70,
        "base_stagger_overwrite": 32,
        "base_max_light_overwrite": 5,
        "base_light_gain_overwrite": 1,
        "base_page_draw_overwrite": 2,
        "base_min_speed_overwrite": 2,
        "base_max_speed_overwrite": 5,
        "hidden": [],
        "evade_queue": [],
        "temphidden": [],
        "stats_dict": {
            "str": 10,
            "int": 10,
            "const": 10,
            "chr": 10,
            "dex": 10
        },
        "nextturn": {
            "light": 0
        },
        "buffs": {},
        "passives": [],
        "faction": [
            "Enemy",
            "Molar Office Fixer",
            "Grade 7 Fixer"
        ],
        "exclude_targets_from_indiscriminate": [],
        "resistances": {
            "slash": 1.0,
            "blunt": 1.0,
            "pierce": 1.5
        },
        "stagger_resistances": {
            "slash": 0.75,
            "blunt": 1.5,
            "pierce": 1.0
        },
        "sin_resistances": {
            "Wrath": 1.0,
            "Lust": 1.0,
            "Sloth": 1.0,
            "Gluttony": 1.0,
            "Gloom": 1.0,
            "Pride": 1.0,
            "Envy": 1.0,
            "white": 2.0,
            "black": 2.0,
            "none": 1.0
        },
        "deck": {
            "Wait Up!": {
                "cost": 0,
                "amount": 2
            },
            "Daring Decision": {
                "cost": 3,
                "amount": 2
            },
            "Slice": {
                "cost": 1,
                "amount": 2
            },
            "Gamble": {
                "cost": 2,
                "amount": 2
            },
            "Fierce Onslaught": {
                "cost": 1,
                "amount": 1
            }
        },
        "hand": {},
        "original_resistances": {
            "slash": 1.0,
            "blunt": 1.0,
            "pierce": 1.5
        },
        "original_sin_resistances": {
            "Wrath": 1.0,
            "Lust": 1.0,
            "Sloth": 1.0,
            "Gluttony": 1.0,
            "Gloom": 1.0,
            "Pride": 1.0,
            "Envy": 1.0,
            "white": 2.0,
            "black": 2.0,
            "none": 1.0
        },
        "effect_limits": {},
        "effect_limits_perm": {},
        "current_hp": 70,
        "current_shield": 0,
        "current_stagger": 32,
        "current_light": 5,
        "current_speed": 3,
        "offense_level_sources": {
            "base": 42
        },
        "defense_level_sources": {
            "base": 42
        },
        "attackslotchange": 0,
        "used": [],
        "is_active": false,
        "is_staggered": false,
        "staggeredThisTurn": false,
        "PlayerOrEnemy": "Enemy",
        "deploymentOrder": 0
    },
    "Refracted Nightlong Office Fixer 1": {
        "id": 100001,
        "name": "Refracted Nightlong Office Fixer 1",
        "source_file": "data/profiles\\mdBossNode.json",
        "base_hp": 20,
        "hp_increment_by_level": 2,
        "base_stagger": 15,
        "stagger_increment_by_level": 1,
        "base_max_light": 2,
        "base_light_gain": 1,
        "base_page_draw": 1,
        "base_min_speed": 1,
        "base_max_speed": 2,
        "attack_slot": 1,
        "level": 16,
        "base_hp_overwrite": 0,
        "base_stagger_overwrite": 0,
        "base_max_light_overwrite": 0,
        "base_light_gain_overwrite": 0,
        "base_page_draw_overwrite": 0,
        "base_min_speed_overwrite": 0,
        "base_max_speed_overwrite": 0,
        "hidden": [],
        "evade_queue": [],
        "temphidden": [],
        "stats_dict": {
            "str": 16,
            "con": 18,
            "dex": 16,
            "int": 18,
            "cha": 18
        },
        "nextturn": {
            "light": 0
        },
        "buffs": {},
        "passives": [],
        "faction": [
            "Enemy",
            "Nightlong Office Section 5",
            "Grade 7 Fixer"
        ],
        "exclude_targets_from_indiscriminate": [],
        "resistances": {
            "slash": 1.5,
            "blunt": 1.0,
            "pierce": 0.5
        },
        "stagger_resistances": {
            "slash": 1.5,
            "blunt": 1.0,
            "pierce": 0.5
        },
        "sin_resistances": {
            "Wrath": 1.0,
            "Lust": 1.0,
            "Sloth": 1.0,
            "Gluttony": 1.0,
            "Gloom": 1.0,
            "Pride": 1.0,
            "Envy": 1.0,
            "white": 1.0,
            "black": 1.0,
            "none": 1.0
        },
        "deck": {
            "Lunge Through": {
                "cost": 1,
                "amount": 3
            },
            "Exploit Shortcomings": {
                "cost": 2,
                "amount": 2
            },
            "Dustlunge": {
                "cost": 0,
                "amount": 2
            },
            "Through the Night": {
                "cost": 4,
                "amount": 1
            },
            "Nightlong": {
                "cost": 1,
                "amount": 1
            }
        },
        "hand": {},
        "original_resistances": {
            "slash": 1.5,
            "blunt": 1.0,
            "pierce": 0.5
        },
        "original_sin_resistances": {
            "Wrath": 1.0,
            "Lust": 1.0,
            "Sloth": 1.0,
            "Gluttony": 1.0,
            "Gloom": 1.0,
            "Pride": 1.0,
            "Envy": 1.0,
            "white": 1.0,
            "black": 1.0,
            "none": 1.0
        },
        "effect_limits": {},
        "effect_limits_perm": {},
        "current_hp": 116,
        "current_shield": 0,
        "current_stagger": 79,
        "current_light": 5,
        "current_speed": 7,
        "offense_level_sources": {
            "base": 48
        },
        "defense_level_sources": {
            "base": 48
        },
        "attackslotchange": 0,
        "used": [],
        "is_active": false,
        "is_staggered": false,
        "staggeredThisTurn": false,
        "PlayerOrEnemy": "Enemy",
        "deploymentOrder": 0
    },
    "Refracted Nightlong Office Fixer 2": {
        "id": 100001,
        "name": "Refracted Nightlong Office Fixer 2",
        "source_file": "data/profiles\\mdBossNode.json",
        "base_hp": 20,
        "hp_increment_by_level": 2,
        "base_stagger": 15,
        "stagger_increment_by_level": 1,
        "base_max_light": 2,
        "base_light_gain": 1,
        "base_page_draw": 1,
        "base_min_speed": 1,
        "base_max_speed": 2,
        "attack_slot": 1,
        "level": 16,
        "base_hp_overwrite": 0,
        "base_stagger_overwrite": 0,
        "base_max_light_overwrite": 0,
        "base_light_gain_overwrite": 0,
        "base_page_draw_overwrite": 0,
        "base_min_speed_overwrite": 0,
        "base_max_speed_overwrite": 0,
        "hidden": [],
        "evade_queue": [],
        "temphidden": [],
        "stats_dict": {
            "str": 16,
            "con": 18,
            "dex": 16,
            "int": 18,
            "cha": 18
        },
        "nextturn": {
            "light": 0
        },
        "buffs": {},
        "passives": [],
        "faction": [
            "Enemy",
            "Nightlong Office Section 5",
            "Grade 7 Fixer"
        ],
        "exclude_targets_from_indiscriminate": [],
        "resistances": {
            "slash": 1.5,
            "blunt": 1.0,
            "pierce": 0.5
        },
        "stagger_resistances": {
            "slash": 1.5,
            "blunt": 1.0,
            "pierce": 0.5
        },
        "sin_resistances": {
            "Wrath": 1.0,
            "Lust": 1.0,
            "Sloth": 1.0,
            "Gluttony": 1.0,
            "Gloom": 1.0,
            "Pride": 1.0,
            "Envy": 1.0,
            "white": 1.0,
            "black": 1.0,
            "none": 1.0
        },
        "deck": {
            "Lunge Through": {
                "cost": 1,
                "amount": 3
            },
            "Exploit Shortcomings": {
                "cost": 2,
                "amount": 2
            },
            "Dustlunge": {
                "cost": 0,
                "amount": 2
            },
            "Through the Night": {
                "cost": 4,
                "amount": 1
            },
            "Nightlong": {
                "cost": 1,
                "amount": 1
            }
        },
        "hand": {},
        "original_resistances": {
            "slash": 1.5,
            "blunt": 1.0,
            "pierce": 0.5
        },
        "original_sin_resistances": {
            "Wrath": 1.0,
            "Lust": 1.0,
            "Sloth": 1.0,
            "Gluttony": 1.0,
            "Gloom": 1.0,
            "Pride": 1.0,
            "Envy": 1.0,
            "white": 1.0,
            "black": 1.0,
            "none": 1.0
        },
        "effect_limits": {},
        "effect_limits_perm": {},
        "current_hp": 116,
        "current_shield": 0,
        "current_stagger": 79,
        "current_light": 5,
        "current_speed": 7,
        "offense_level_sources": {
            "base": 48
        },
        "defense_level_sources": {
            "base": 48
        },
        "attackslotchange": 0,
        "used": [],
        "is_active": false,
        "is_staggered": false,
        "staggeredThisTurn": false,
        "PlayerOrEnemy": "Enemy",
        "deploymentOrder": 0
    },
    "Refracted Nightlong Office Fixer 3": {
        "id": 100001,
        "name": "Refracted Nightlong Office Fixer 3",
        "source_file": "data/profiles\\mdBossNode.json",
        "base_hp": 20,
        "hp_increment_by_level": 2,
        "base_stagger": 15,
        "stagger_increment_by_level": 1,
        "base_max_light": 2,
        "base_light_gain": 1,
        "base_page_draw": 1,
        "base_min_speed": 1,
        "base_max_speed": 2,
        "attack_slot": 1,
        "level": 16,
        "base_hp_overwrite": 0,
        "base_stagger_overwrite": 0,
        "base_max_light_overwrite": 0,
        "base_light_gain_overwrite": 0,
        "base_page_draw_overwrite": 0,
        "base_min_speed_overwrite": 0,
        "base_max_speed_overwrite": 0,
        "hidden": [],
        "evade_queue": [],
        "temphidden": [],
        "stats_dict": {
            "str": 16,
            "con": 18,
            "dex": 16,
            "int": 18,
            "cha": 18
        },
        "nextturn": {
            "light": 0
        },
        "buffs": {},
        "passives": [],
        "faction": [
            "Enemy",
            "Nightlong Office Section 5",
            "Grade 7 Fixer"
        ],
        "exclude_targets_from_indiscriminate": [],
        "resistances": {
            "slash": 1.5,
            "blunt": 1.0,
            "pierce": 0.5
        },
        "stagger_resistances": {
            "slash": 1.5,
            "blunt": 1.0,
            "pierce": 0.5
        },
        "sin_resistances": {
            "Wrath": 1.0,
            "Lust": 1.0,
            "Sloth": 1.0,
            "Gluttony": 1.0,
            "Gloom": 1.0,
            "Pride": 1.0,
            "Envy": 1.0,
            "white": 1.0,
            "black": 1.0,
            "none": 1.0
        },
        "deck": {
            "Lunge Through": {
                "cost": 1,
                "amount": 3
            },
            "Exploit Shortcomings": {
                "cost": 2,
                "amount": 2
            },
            "Dustlunge": {
                "cost": 0,
                "amount": 2
            },
            "Through the Night": {
                "cost": 4,
                "amount": 1
            },
            "Nightlong": {
                "cost": 1,
                "amount": 1
            }
        },
        "hand": {},
        "original_resistances": {
            "slash": 1.5,
            "blunt": 1.0,
            "pierce": 0.5
        },
        "original_sin_resistances": {
            "Wrath": 1.0,
            "Lust": 1.0,
            "Sloth": 1.0,
            "Gluttony": 1.0,
            "Gloom": 1.0,
            "Pride": 1.0,
            "Envy": 1.0,
            "white": 1.0,
            "black": 1.0,
            "none": 1.0
        },
        "effect_limits": {},
        "effect_limits_perm": {},
        "current_hp": 116,
        "current_shield": 0,
        "current_stagger": 79,
        "current_light": 5,
        "current_speed": 7,
        "offense_level_sources": {
            "base": 48
        },
        "defense_level_sources": {
            "base": 48
        },
        "attackslotchange": 0,
        "used": [],
        "is_active": false,
        "is_staggered": false,
        "staggeredThisTurn": false,
        "PlayerOrEnemy": "Enemy",
        "deploymentOrder": 0
    },
    "Refracted Nightlong Office Fixer 4": {
        "id": 100001,
        "name": "Refracted Nightlong Office Fixer 4",
        "source_file": "data/profiles\\mdBossNode.json",
        "base_hp": 20,
        "hp_increment_by_level": 2,
        "base_stagger": 15,
        "stagger_increment_by_level": 1,
        "base_max_light": 2,
        "base_light_gain": 1,
        "base_page_draw": 1,
        "base_min_speed": 1,
        "base_max_speed": 2,
        "attack_slot": 1,
        "level": 16,
        "base_hp_overwrite": 0,
        "base_stagger_overwrite": 0,
        "base_max_light_overwrite": 0,
        "base_light_gain_overwrite": 0,
        "base_page_draw_overwrite": 0,
        "base_min_speed_overwrite": 0,
        "base_max_speed_overwrite": 0,
        "hidden": [],
        "evade_queue": [],
        "temphidden": [],
        "stats_dict": {
            "str": 16,
            "con": 18,
            "dex": 16,
            "int": 18,
            "cha": 18
        },
        "nextturn": {
            "light": 0
        },
        "buffs": {},
        "passives": [],
        "faction": [
            "Enemy",
            "Nightlong Office Section 5",
            "Grade 7 Fixer"
        ],
        "exclude_targets_from_indiscriminate": [],
        "resistances": {
            "slash": 1.5,
            "blunt": 1.0,
            "pierce": 0.5
        },
        "stagger_resistances": {
            "slash": 1.5,
            "blunt": 1.0,
            "pierce": 0.5
        },
        "sin_resistances": {
            "Wrath": 1.0,
            "Lust": 1.0,
            "Sloth": 1.0,
            "Gluttony": 1.0,
            "Gloom": 1.0,
            "Pride": 1.0,
            "Envy": 1.0,
            "white": 1.0,
            "black": 1.0,
            "none": 1.0
        },
        "deck": {
            "Lunge Through": {
                "cost": 1,
                "amount": 3
            },
            "Exploit Shortcomings": {
                "cost": 2,
                "amount": 2
            },
            "Dustlunge": {
                "cost": 0,
                "amount": 2
            },
            "Through the Night": {
                "cost": 4,
                "amount": 1
            },
            "Nightlong": {
                "cost": 1,
                "amount": 1
            }
        },
        "hand": {},
        "original_resistances": {
            "slash": 1.5,
            "blunt": 1.0,
            "pierce": 0.5
        },
        "original_sin_resistances": {
            "Wrath": 1.0,
            "Lust": 1.0,
            "Sloth": 1.0,
            "Gluttony": 1.0,
            "Gloom": 1.0,
            "Pride": 1.0,
            "Envy": 1.0,
            "white": 1.0,
            "black": 1.0,
            "none": 1.0
        },
        "effect_limits": {},
        "effect_limits_perm": {},
        "current_hp": 116,
        "current_shield": 0,
        "current_stagger": 79,
        "current_light": 5,
        "current_speed": 7,
        "offense_level_sources": {
            "base": 48
        },
        "defense_level_sources": {
            "base": 48
        },
        "attackslotchange": 0,
        "used": [],
        "is_active": false,
        "is_staggered": false,
        "staggeredThisTurn": false,
        "PlayerOrEnemy": "Enemy",
        "deploymentOrder": 0
    },
    "Refracted Nightlong Office Fixer 5": {
        "id": 100001,
        "name": "Refracted Nightlong Office Fixer 5",
        "source_file": "data/profiles\\mdBossNode.json",
        "base_hp": 20,
        "hp_increment_by_level": 2,
        "base_stagger": 15,
        "stagger_increment_by_level": 1,
        "base_max_light": 2,
        "base_light_gain": 1,
        "base_page_draw": 1,
        "base_min_speed": 1,
        "base_max_speed": 2,
        "attack_slot": 1,
        "level": 16,
        "base_hp_overwrite": 0,
        "base_stagger_overwrite": 0,
        "base_max_light_overwrite": 0,
        "base_light_gain_overwrite": 0,
        "base_page_draw_overwrite": 0,
        "base_min_speed_overwrite": 0,
        "base_max_speed_overwrite": 0,
        "hidden": [],
        "evade_queue": [],
        "temphidden": [],
        "stats_dict": {
            "str": 16,
            "con": 18,
            "dex": 16,
            "int": 18,
            "cha": 18
        },
        "nextturn": {
            "light": 0
        },
        "buffs": {},
        "passives": [],
        "faction": [
            "Enemy",
            "Nightlong Office Section 5",
            "Grade 7 Fixer"
        ],
        "exclude_targets_from_indiscriminate": [],
        "resistances": {
            "slash": 1.5,
            "blunt": 1.0,
            "pierce": 0.5
        },
        "stagger_resistances": {
            "slash": 1.5,
            "blunt": 1.0,
            "pierce": 0.5
        },
        "sin_resistances": {
            "Wrath": 1.0,
            "Lust": 1.0,
            "Sloth": 1.0,
            "Gluttony": 1.0,
            "Gloom": 1.0,
            "Pride": 1.0,
            "Envy": 1.0,
            "white": 1.0,
            "black": 1.0,
            "none": 1.0
        },
        "deck": {
            "Lunge Through": {
                "cost": 1,
                "amount": 3
            },
            "Exploit Shortcomings": {
                "cost": 2,
                "amount": 2
            },
            "Dustlunge": {
                "cost": 0,
                "amount": 2
            },
            "Through the Night": {
                "cost": 4,
                "amount": 1
            },
            "Nightlong": {
                "cost": 1,
                "amount": 1
            }
        },
        "hand": {},
        "original_resistances": {
            "slash": 1.5,
            "blunt": 1.0,
            "pierce": 0.5
        },
        "original_sin_resistances": {
            "Wrath": 1.0,
            "Lust": 1.0,
            "Sloth": 1.0,
            "Gluttony": 1.0,
            "Gloom": 1.0,
            "Pride": 1.0,
            "Envy": 1.0,
            "white": 1.0,
            "black": 1.0,
            "none": 1.0
        },
        "effect_limits": {},
        "effect_limits_perm": {},
        "current_hp": 116,
        "current_shield": 0,
        "current_stagger": 79,
        "current_light": 5,
        "current_speed": 7,
        "offense_level_sources": {
            "base": 48
        },
        "defense_level_sources": {
            "base": 48
        },
        "attackslotchange": 0,
        "used": [],
        "is_active": false,
        "is_staggered": false,
        "staggeredThisTurn": false,
        "PlayerOrEnemy": "Enemy",
        "deploymentOrder": 0
    },
    "Refracted Nightlong Office Fixer 6": {
        "id": 100001,
        "name": "Refracted Nightlong Office Fixer 6",
        "source_file": "data/profiles\\mdBossNode.json",
        "base_hp": 20,
        "hp_increment_by_level": 2,
        "base_stagger": 15,
        "stagger_increment_by_level": 1,
        "base_max_light": 2,
        "base_light_gain": 1,
        "base_page_draw": 1,
        "base_min_speed": 1,
        "base_max_speed": 2,
        "attack_slot": 1,
        "level": 16,
        "base_hp_overwrite": 0,
        "base_stagger_overwrite": 0,
        "base_max_light_overwrite": 0,
        "base_light_gain_overwrite": 0,
        "base_page_draw_overwrite": 0,
        "base_min_speed_overwrite": 0,
        "base_max_speed_overwrite": 0,
        "hidden": [],
        "evade_queue": [],
        "temphidden": [],
        "stats_dict": {
            "str": 16,
            "con": 18,
            "dex": 16,
            "int": 18,
            "cha": 18
        },
        "nextturn": {
            "light": 0
        },
        "buffs": {},
        "passives": [],
        "faction": [
            "Enemy",
            "Nightlong Office Section 5",
            "Grade 7 Fixer"
        ],
        "exclude_targets_from_indiscriminate": [],
        "resistances": {
            "slash": 1.5,
            "blunt": 1.0,
            "pierce": 0.5
        },
        "stagger_resistances": {
            "slash": 1.5,
            "blunt": 1.0,
            "pierce": 0.5
        },
        "sin_resistances": {
            "Wrath": 1.0,
            "Lust": 1.0,
            "Sloth": 1.0,
            "Gluttony": 1.0,
            "Gloom": 1.0,
            "Pride": 1.0,
            "Envy": 1.0,
            "white": 1.0,
            "black": 1.0,
            "none": 1.0
        },
        "deck": {
            "Lunge Through": {
                "cost": 1,
                "amount": 3
            },
            "Exploit Shortcomings": {
                "cost": 2,
                "amount": 2
            },
            "Dustlunge": {
                "cost": 0,
                "amount": 2
            },
            "Through the Night": {
                "cost": 4,
                "amount": 1
            },
            "Nightlong": {
                "cost": 1,
                "amount": 1
            }
        },
        "hand": {},
        "original_resistances": {
            "slash": 1.5,
            "blunt": 1.0,
            "pierce": 0.5
        },
        "original_sin_resistances": {
            "Wrath": 1.0,
            "Lust": 1.0,
            "Sloth": 1.0,
            "Gluttony": 1.0,
            "Gloom": 1.0,
            "Pride": 1.0,
            "Envy": 1.0,
            "white": 1.0,
            "black": 1.0,
            "none": 1.0
        },
        "effect_limits": {},
        "effect_limits_perm": {},
        "current_hp": 116,
        "current_shield": 0,
        "current_stagger": 79,
        "current_light": 5,
        "current_speed": 7,
        "offense_level_sources": {
            "base": 48
        },
        "defense_level_sources": {
            "base": 48
        },
        "attackslotchange": 0,
        "used": [],
        "is_active": false,
        "is_staggered": false,
        "staggeredThisTurn": false,
        "PlayerOrEnemy": "Enemy",
        "deploymentOrder": 0
    }
}