{
    "Refracted Bistro Chef 1": {
        "id": 200035,
        "name": "Refracted Bistro Chef 1",
        "source_file": "data/profiles\\mdEasyNode.json",
        "base_hp": 20,
        "hp_increment_by_level": 2,
        "base_stagger": 15,
        "stagger_increment_by_level": 1,
        "base_max_light": 2,
        "base_light_gain": 1,
        "base_page_draw": 1,
        "base_min_speed": 1,
        "base_max_speed": 2,
        "attack_slot": 1,
        "level": 13,
        "base_hp_overwrite": 0,
        "base_stagger_overwrite": 0,
        "base_max_light_overwrite": 0,
        "base_light_gain_overwrite": 0,
        "base_page_draw_overwrite": 0,
        "base_min_speed_overwrite": 0,
        "base_max_speed_overwrite": 0,
        "hidden": [],
        "evade_queue": [],
        "temphidden": [],
        "stats_dict": {
            "str": 14,
            "int": 12,
            "con": 12,
            "cha": 12,
            "dex": 16
        },
        "nextturn": {
            "light": 0
        },
        "buffs": {},
        "passives": [],
        "faction": [
            "Enemy",
            "P. Bistro"
        ],
        "exclude_targets_from_indiscriminate": [],
        "resistances": {
            "slash": 1.5,
            "blunt": 1.0,
            "pierce": 1.0
        },
        "stagger_resistances": {
            "slash": 2.0,
            "blunt": 1.0,
            "pierce": 1.0
        },
        "sin_resistances": {
            "Wrath": 2.5999999999999996,
            "Lust": 1.0,
            "Sloth": 1.0,
            "Gluttony": 1.0,
            "Gloom": 1.0,
            "Pride": 1.0,
            "Envy": 1.0,
            "White": 1.0,
            "Black": 1.0,
            "none": 1.0
        },
        "deck": {
            "Butcher Cleave": {
                "cost": 0,
                "amount": 2
            },
            "Unadulterated Slaughter": {
                "cost": 2,
                "amount": 2
            },
            "Meat Injection": {
                "cost": 2,
                "amount": 1
            },
            "Moisture Retention": {
                "cost": 1,
                "amount": 1
            },
            "Pride as a Chef": {
                "cost": 1,
                "amount": 3
            }
        },
        "hand": {},
        "original_resistances": {
            "slash": 1.5,
            "blunt": 1.0,
            "pierce": 1.0
        },
        "original_sin_resistances": {
            "Wrath": 2.5999999999999996,
            "Lust": 1.0,
            "Sloth": 1.0,
            "Gluttony": 1.0,
            "Gloom": 1.0,
            "Pride": 1.0,
            "Envy": 1.0,
            "White": 1.0,
            "Black": 1.0,
            "none": 1.0
        },
        "effect_limits": {},
        "effect_limits_perm": {},
        "current_hp": 59,
        "current_shield": 0,
        "current_stagger": 54,
        "current_light": 4,
        "current_speed": 7,
        "offense_level_sources": {
            "base": 39
        },
        "defense_level_sources": {
            "base": 39
        },
        "attackslotchange": 0,
        "used": [],
        "is_active": false,
        "is_staggered": false,
        "staggeredThisTurn": false,
        "PlayerOrEnemy": "Enemy",
        "deploymentOrder": 0
    },
    "Refracted Bistro Chef 2": {
        "id": 200035,
        "name": "Refracted Bistro Chef 2",
        "source_file": "data/profiles\\mdEasyNode.json",
        "base_hp": 20,
        "hp_increment_by_level": 2,
        "base_stagger": 15,
        "stagger_increment_by_level": 1,
        "base_max_light": 2,
        "base_light_gain": 1,
        "base_page_draw": 1,
        "base_min_speed": 1,
        "base_max_speed": 2,
        "attack_slot": 1,
        "level": 13,
        "base_hp_overwrite": 0,
        "base_stagger_overwrite": 0,
        "base_max_light_overwrite": 0,
        "base_light_gain_overwrite": 0,
        "base_page_draw_overwrite": 0,
        "base_min_speed_overwrite": 0,
        "base_max_speed_overwrite": 0,
        "hidden": [],
        "evade_queue": [],
        "temphidden": [],
        "stats_dict": {
            "str": 14,
            "int": 12,
            "con": 12,
            "cha": 12,
            "dex": 16
        },
        "nextturn": {
            "light": 0
        },
        "buffs": {},
        "passives": [],
        "faction": [
            "Enemy",
            "P. Bistro"
        ],
        "exclude_targets_from_indiscriminate": [],
        "resistances": {
            "slash": 1.5,
            "blunt": 1.0,
            "pierce": 1.0
        },
        "stagger_resistances": {
            "slash": 2.0,
            "blunt": 1.0,
            "pierce": 1.0
        },
        "sin_resistances": {
            "Wrath": 1.0,
            "Lust": 1.0,
            "Sloth": 1.0,
            "Gluttony": 1.0,
            "Gloom": 1.0,
            "Pride": 1.0,
            "Envy": 1.0,
            "White": 1.0,
            "Black": 1.0,
            "none": 1.0
        },
        "deck": {
            "Butcher Cleave": {
                "cost": 0,
                "amount": 2
            },
            "Unadulterated Slaughter": {
                "cost": 2,
                "amount": 2
            },
            "Meat Injection": {
                "cost": 2,
                "amount": 1
            },
            "Moisture Retention": {
                "cost": 1,
                "amount": 1
            },
            "Pride as a Chef": {
                "cost": 1,
                "amount": 3
            }
        },
        "hand": {},
        "original_resistances": {
            "slash": 1.5,
            "blunt": 1.0,
            "pierce": 1.0
        },
        "original_sin_resistances": {
            "Wrath": 1.0,
            "Lust": 1.0,
            "Sloth": 1.0,
            "Gluttony": 1.0,
            "Gloom": 1.0,
            "Pride": 1.0,
            "Envy": 1.0,
            "White": 1.0,
            "Black": 1.0,
            "none": 1.0
        },
        "effect_limits": {},
        "effect_limits_perm": {},
        "current_hp": 59,
        "current_shield": 0,
        "current_stagger": 54,
        "current_light": 4,
        "current_speed": 4,
        "offense_level_sources": {
            "base": 39
        },
        "defense_level_sources": {
            "base": 39
        },
        "attackslotchange": 0,
        "used": [],
        "is_active": false,
        "is_staggered": false,
        "staggeredThisTurn": false,
        "PlayerOrEnemy": "Enemy",
        "deploymentOrder": 0
    },
    "Refracted Bistro Chef 3": {
        "id": 200035,
        "name": "Refracted Bistro Chef 3",
        "source_file": "data/profiles\\mdEasyNode.json",
        "base_hp": 20,
        "hp_increment_by_level": 2,
        "base_stagger": 15,
        "stagger_increment_by_level": 1,
        "base_max_light": 2,
        "base_light_gain": 1,
        "base_page_draw": 1,
        "base_min_speed": 1,
        "base_max_speed": 2,
        "attack_slot": 1,
        "level": 13,
        "base_hp_overwrite": 0,
        "base_stagger_overwrite": 0,
        "base_max_light_overwrite": 0,
        "base_light_gain_overwrite": 0,
        "base_page_draw_overwrite": 0,
        "base_min_speed_overwrite": 0,
        "base_max_speed_overwrite": 0,
        "hidden": [],
        "evade_queue": [],
        "temphidden": [],
        "stats_dict": {
            "str": 14,
            "int": 12,
            "con": 12,
            "cha": 12,
            "dex": 16
        },
        "nextturn": {
            "light": 0
        },
        "buffs": {},
        "passives": [],
        "faction": [
            "Enemy",
            "P. Bistro"
        ],
        "exclude_targets_from_indiscriminate": [],
        "resistances": {
            "slash": 1.5,
            "blunt": 1.0,
            "pierce": 1.0
        },
        "stagger_resistances": {
            "slash": 2.0,
            "blunt": 1.0,
            "pierce": 1.0
        },
        "sin_resistances": {
            "Wrath": 1.0,
            "Lust": 1.0,
            "Sloth": 1.0,
            "Gluttony": 1.0,
            "Gloom": 1.0,
            "Pride": 1.0,
            "Envy": 1.0,
            "White": 1.0,
            "Black": 1.0,
            "none": 1.0
        },
        "deck": {
            "Butcher Cleave": {
                "cost": 0,
                "amount": 2
            },
            "Unadulterated Slaughter": {
                "cost": 2,
                "amount": 2
            },
            "Meat Injection": {
                "cost": 2,
                "amount": 1
            },
            "Moisture Retention": {
                "cost": 1,
                "amount": 1
            },
            "Pride as a Chef": {
                "cost": 1,
                "amount": 3
            }
        },
        "hand": {},
        "original_resistances": {
            "slash": 1.5,
            "blunt": 1.0,
            "pierce": 1.0
        },
        "original_sin_resistances": {
            "Wrath": 1.0,
            "Lust": 1.0,
            "Sloth": 1.0,
            "Gluttony": 1.0,
            "Gloom": 1.0,
            "Pride": 1.0,
            "Envy": 1.0,
            "White": 1.0,
            "Black": 1.0,
            "none": 1.0
        },
        "effect_limits": {},
        "effect_limits_perm": {},
        "current_hp": 59,
        "current_shield": 0,
        "current_stagger": 54,
        "current_light": 4,
        "current_speed": 4,
        "offense_level_sources": {
            "base": 39
        },
        "defense_level_sources": {
            "base": 39
        },
        "attackslotchange": 0,
        "used": [],
        "is_active": false,
        "is_staggered": false,
        "staggeredThisTurn": false,
        "PlayerOrEnemy": "Enemy",
        "deploymentOrder": 0
    },
    "Refracted Bistro Chef 4": {
        "id": 200035,
        "name": "Refracted Bistro Chef 4",
        "source_file": "data/profiles\\mdEasyNode.json",
        "base_hp": 20,
        "hp_increment_by_level": 2,
        "base_stagger": 15,
        "stagger_increment_by_level": 1,
        "base_max_light": 2,
        "base_light_gain": 1,
        "base_page_draw": 1,
        "base_min_speed": 1,
        "base_max_speed": 2,
        "attack_slot": 1,
        "level": 13,
        "base_hp_overwrite": 0,
        "base_stagger_overwrite": 0,
        "base_max_light_overwrite": 0,
        "base_light_gain_overwrite": 0,
        "base_page_draw_overwrite": 0,
        "base_min_speed_overwrite": 0,
        "base_max_speed_overwrite": 0,
        "hidden": [],
        "evade_queue": [],
        "temphidden": [],
        "stats_dict": {
            "str": 14,
            "int": 12,
            "con": 12,
            "cha": 12,
            "dex": 16
        },
        "nextturn": {
            "light": 0
        },
        "buffs": {},
        "passives": [],
        "faction": [
            "Enemy",
            "P. Bistro"
        ],
        "exclude_targets_from_indiscriminate": [],
        "resistances": {
            "slash": 1.5,
            "blunt": 1.0,
            "pierce": 1.0
        },
        "stagger_resistances": {
            "slash": 2.0,
            "blunt": 1.0,
            "pierce": 1.0
        },
        "sin_resistances": {
            "Wrath": 1.0,
            "Lust": 1.0,
            "Sloth": 1.0,
            "Gluttony": 1.0,
            "Gloom": 1.0,
            "Pride": 1.0,
            "Envy": 1.0,
            "White": 1.0,
            "Black": 1.0,
            "none": 1.0
        },
        "deck": {
            "Butcher Cleave": {
                "cost": 0,
                "amount": 2
            },
            "Unadulterated Slaughter": {
                "cost": 2,
                "amount": 2
            },
            "Meat Injection": {
                "cost": 2,
                "amount": 1
            },
            "Moisture Retention": {
                "cost": 1,
                "amount": 1
            },
            "Pride as a Chef": {
                "cost": 1,
                "amount": 3
            }
        },
        "hand": {},
        "original_resistances": {
            "slash": 1.5,
            "blunt": 1.0,
            "pierce": 1.0
        },
        "original_sin_resistances": {
            "Wrath": 1.0,
            "Lust": 1.0,
            "Sloth": 1.0,
            "Gluttony": 1.0,
            "Gloom": 1.0,
            "Pride": 1.0,
            "Envy": 1.0,
            "White": 1.0,
            "Black": 1.0,
            "none": 1.0
        },
        "effect_limits": {},
        "effect_limits_perm": {},
        "current_hp": 59,
        "current_shield": 0,
        "current_stagger": 54,
        "current_light": 4,
        "current_speed": 4,
        "offense_level_sources": {
            "base": 39
        },
        "defense_level_sources": {
            "base": 39
        },
        "attackslotchange": 0,
        "used": [],
        "is_active": false,
        "is_staggered": false,
        "staggeredThisTurn": false,
        "PlayerOrEnemy": "Enemy",
        "deploymentOrder": 0
    },
    "Refracted Bistro Chef 5": {
        "id": 200035,
        "name": "Refracted Bistro Chef 5",
        "source_file": "data/profiles\\mdEasyNode.json",
        "base_hp": 20,
        "hp_increment_by_level": 2,
        "base_stagger": 15,
        "stagger_increment_by_level": 1,
        "base_max_light": 2,
        "base_light_gain": 1,
        "base_page_draw": 1,
        "base_min_speed": 1,
        "base_max_speed": 2,
        "attack_slot": 1,
        "level": 13,
        "base_hp_overwrite": 0,
        "base_stagger_overwrite": 0,
        "base_max_light_overwrite": 0,
        "base_light_gain_overwrite": 0,
        "base_page_draw_overwrite": 0,
        "base_min_speed_overwrite": 0,
        "base_max_speed_overwrite": 0,
        "hidden": [],
        "evade_queue": [],
        "temphidden": [],
        "stats_dict": {
            "str": 14,
            "int": 12,
            "con": 12,
            "cha": 12,
            "dex": 16
        },
        "nextturn": {
            "light": 0
        },
        "buffs": {},
        "passives": [],
        "faction": [
            "Enemy",
            "P. Bistro"
        ],
        "exclude_targets_from_indiscriminate": [],
        "resistances": {
            "slash": 1.5,
            "blunt": 1.0,
            "pierce": 1.0
        },
        "stagger_resistances": {
            "slash": 2.0,
            "blunt": 1.0,
            "pierce": 1.0
        },
        "sin_resistances": {
            "Wrath": 1.0,
            "Lust": 1.0,
            "Sloth": 1.0,
            "Gluttony": 1.0,
            "Gloom": 1.0,
            "Pride": 1.0,
            "Envy": 1.0,
            "White": 1.0,
            "Black": 1.0,
            "none": 1.0
        },
        "deck": {
            "Butcher Cleave": {
                "cost": 0,
                "amount": 2
            },
            "Unadulterated Slaughter": {
                "cost": 2,
                "amount": 2
            },
            "Meat Injection": {
                "cost": 2,
                "amount": 1
            },
            "Moisture Retention": {
                "cost": 1,
                "amount": 1
            },
            "Pride as a Chef": {
                "cost": 1,
                "amount": 3
            }
        },
        "hand": {},
        "original_resistances": {
            "slash": 1.5,
            "blunt": 1.0,
            "pierce": 1.0
        },
        "original_sin_resistances": {
            "Wrath": 1.0,
            "Lust": 1.0,
            "Sloth": 1.0,
            "Gluttony": 1.0,
            "Gloom": 1.0,
            "Pride": 1.0,
            "Envy": 1.0,
            "White": 1.0,
            "Black": 1.0,
            "none": 1.0
        },
        "effect_limits": {},
        "effect_limits_perm": {},
        "current_hp": 59,
        "current_shield": 0,
        "current_stagger": 54,
        "current_light": 4,
        "current_speed": 4,
        "offense_level_sources": {
            "base": 39
        },
        "defense_level_sources": {
            "base": 39
        },
        "attackslotchange": 0,
        "used": [],
        "is_active": false,
        "is_staggered": false,
        "staggeredThisTurn": false,
        "PlayerOrEnemy": "Enemy",
        "deploymentOrder": 0
    },
    "Refracted Bistro Chef 6": {
        "id": 200035,
        "name": "Refracted Bistro Chef 6",
        "source_file": "data/profiles\\mdEasyNode.json",
        "base_hp": 20,
        "hp_increment_by_level": 2,
        "base_stagger": 15,
        "stagger_increment_by_level": 1,
        "base_max_light": 2,
        "base_light_gain": 1,
        "base_page_draw": 1,
        "base_min_speed": 1,
        "base_max_speed": 2,
        "attack_slot": 1,
        "level": 13,
        "base_hp_overwrite": 0,
        "base_stagger_overwrite": 0,
        "base_max_light_overwrite": 0,
        "base_light_gain_overwrite": 0,
        "base_page_draw_overwrite": 0,
        "base_min_speed_overwrite": 0,
        "base_max_speed_overwrite": 0,
        "hidden": [],
        "evade_queue": [],
        "temphidden": [],
        "stats_dict": {
            "str": 14,
            "int": 12,
            "con": 12,
            "cha": 12,
            "dex": 16
        },
        "nextturn": {
            "light": 0
        },
        "buffs": {},
        "passives": [],
        "faction": [
            "Enemy",
            "P. Bistro"
        ],
        "exclude_targets_from_indiscriminate": [],
        "resistances": {
            "slash": 1.5,
            "blunt": 1.0,
            "pierce": 1.0
        },
        "stagger_resistances": {
            "slash": 2.0,
            "blunt": 1.0,
            "pierce": 1.0
        },
        "sin_resistances": {
            "Wrath": 1.0,
            "Lust": 1.0,
            "Sloth": 1.0,
            "Gluttony": 1.0,
            "Gloom": 1.0,
            "Pride": 1.0,
            "Envy": 1.0,
            "White": 1.0,
            "Black": 1.0,
            "none": 1.0
        },
        "deck": {
            "Butcher Cleave": {
                "cost": 0,
                "amount": 2
            },
            "Unadulterated Slaughter": {
                "cost": 2,
                "amount": 2
            },
            "Meat Injection": {
                "cost": 2,
                "amount": 1
            },
            "Moisture Retention": {
                "cost": 1,
                "amount": 1
            },
            "Pride as a Chef": {
                "cost": 1,
                "amount": 3
            }
        },
        "hand": {},
        "original_resistances": {
            "slash": 1.5,
            "blunt": 1.0,
            "pierce": 1.0
        },
        "original_sin_resistances": {
            "Wrath": 1.0,
            "Lust": 1.0,
            "Sloth": 1.0,
            "Gluttony": 1.0,
            "Gloom": 1.0,
            "Pride": 1.0,
            "Envy": 1.0,
            "White": 1.0,
            "Black": 1.0,
            "none": 1.0
        },
        "effect_limits": {},
        "effect_limits_perm": {},
        "current_hp": 59,
        "current_shield": 0,
        "current_stagger": 54,
        "current_light": 4,
        "current_speed": 5,
        "offense_level_sources": {
            "base": 39
        },
        "defense_level_sources": {
            "base": 39
        },
        "attackslotchange": 0,
        "used": [],
        "is_active": false,
        "is_staggered": false,
        "staggeredThisTurn": false,
        "PlayerOrEnemy": "Enemy",
        "deploymentOrder": 0
    },
    "Refracted Jeanne": {
        "id": 200038,
        "name": "Refracted Jeanne",
        "source_file": "data/profiles\\mdEasyNode.json",
        "base_hp": 20,
        "hp_increment_by_level": 2,
        "base_stagger": 15,
        "stagger_increment_by_level": 1,
        "base_max_light": 2,
        "base_light_gain": 1,
        "base_page_draw": 1,
        "base_min_speed": 1,
        "base_max_speed": 2,
        "attack_slot": 2,
        "level": 14,
        "base_hp_overwrite": 0,
        "base_stagger_overwrite": 0,
        "base_max_light_overwrite": 0,
        "base_light_gain_overwrite": 0,
        "base_page_draw_overwrite": 0,
        "base_min_speed_overwrite": 0,
        "base_max_speed_overwrite": 0,
        "hidden": [],
        "evade_queue": [],
        "temphidden": [],
        "stats_dict": {
            "str": 14,
            "int": 18,
            "con": 12,
            "cha": 18,
            "dex": 16
        },
        "nextturn": {
            "light": 0
        },
        "buffs": {},
        "passives": [],
        "faction": [
            "Enemy",
            "P. Bistro"
        ],
        "exclude_targets_from_indiscriminate": [],
        "resistances": {
            "slash": 1.0,
            "blunt": 1.5,
            "pierce": 1.0
        },
        "stagger_resistances": {
            "slash": 2.0,
            "blunt": 1.0,
            "pierce": 1.0
        },
        "sin_resistances": {
            "Wrath": 1.0,
            "Lust": 1.0,
            "Sloth": 1.0,
            "Gluttony": 1.0,
            "Gloom": 1.0,
            "Pride": 1.0,
            "Envy": 1.0,
            "White": 1.0,
            "Black": 1.0,
            "none": 1.0
        },
        "deck": {
            "Butcher Cleave": {
                "cost": 0,
                "amount": 1
            },
            "Unadulterated Slaughter": {
                "cost": 2,
                "amount": 1
            },
            "Meat Injection": {
                "cost": 2,
                "amount": 1
            },
            "Moisture Retention": {
                "cost": 1,
                "amount": 1
            },
            "Pride as a Chef": {
                "cost": 1,
                "amount": 1
            },
            "Silent Cutter": {
                "cost": 0,
                "amount": 1
            },
            "Subprimal Finish": {
                "cost": 3,
                "amount": 1
            }
        },
        "hand": {},
        "original_resistances": {
            "slash": 1.0,
            "blunt": 1.5,
            "pierce": 1.0
        },
        "original_sin_resistances": {
            "Wrath": 1.0,
            "Lust": 1.0,
            "Sloth": 1.0,
            "Gluttony": 1.0,
            "Gloom": 1.0,
            "Pride": 1.0,
            "Envy": 1.0,
            "White": 1.0,
            "Black": 1.0,
            "none": 1.0
        },
        "effect_limits": {},
        "effect_limits_perm": {},
        "current_hp": 62,
        "current_shield": 0,
        "current_stagger": 57,
        "current_light": 5,
        "current_speed": 4,
        "offense_level_sources": {
            "base": 42
        },
        "defense_level_sources": {
            "base": 42
        },
        "attackslotchange": 0,
        "used": [],
        "is_active": false,
        "is_staggered": false,
        "staggeredThisTurn": false,
        "PlayerOrEnemy": "Enemy",
        "deploymentOrder": 0
    },
    "Refracted Stubborn Quaver Office Fixer": {
        "id": 200031,
        "name": "Refracted Stubborn Quaver Office Fixer",
        "source_file": "data/profiles\\mdEasyNode.json",
        "base_hp": 0,
        "hp_increment_by_level": 0,
        "base_stagger": 0,
        "stagger_increment_by_level": 0,
        "base_max_light": 0,
        "base_light_gain": 0,
        "base_page_draw": 0,
        "base_min_speed": 0,
        "base_max_speed": 0,
        "attack_slot": 1,
        "level": 14,
        "base_hp_overwrite": 55,
        "base_stagger_overwrite": 40,
        "base_max_light_overwrite": 4,
        "base_light_gain_overwrite": 1,
        "base_page_draw_overwrite": 2,
        "base_min_speed_overwrite": 2,
        "base_max_speed_overwrite": 7,
        "hidden": [],
        "evade_queue": [],
        "temphidden": [],
        "stats_dict": {
            "str": 10,
            "int": 10,
            "con": 10,
            "cha": 10,
            "dex": 10
        },
        "nextturn": {
            "light": 0
        },
        "buffs": {},
        "passives": [],
        "faction": [
            "Enemy",
            "Quaver Office"
        ],
        "exclude_targets_from_indiscriminate": [],
        "resistances": {
            "slash": 1.0,
            "blunt": 1.5,
            "pierce": 1.0
        },
        "stagger_resistances": {
            "slash": 1.0,
            "blunt": 1.5,
            "pierce": 1.0
        },
        "sin_resistances": {
            "Wrath": 1.4000000000000001,
            "Lust": 1.0,
            "Sloth": 1.0,
            "Gluttony": 1.0,
            "Gloom": 1.0,
            "Pride": 1.0,
            "Envy": 1.0,
            "white": 1.0,
            "black": 1.0,
            "none": 1.0
        },
        "deck": {
            "Malfunction": {
                "cost": 4,
                "amount": 4
            },
            "Activated Combustion": {
                "cost": 3,
                "amount": 1
            },
            "Overwhelming": {
                "cost": 2,
                "amount": 1
            },
            "Cranium Crusher": {
                "cost": 2,
                "amount": 1
            },
            "Vibrating Fist": {
                "cost": 1,
                "amount": 2
            }
        },
        "hand": {},
        "original_resistances": {
            "slash": 1.0,
            "blunt": 1.5,
            "pierce": 1.0
        },
        "original_sin_resistances": {
            "Wrath": 1.4000000000000001,
            "Lust": 1.0,
            "Sloth": 1.0,
            "Gluttony": 1.0,
            "Gloom": 1.0,
            "Pride": 1.0,
            "Envy": 1.0,
            "white": 1.0,
            "black": 1.0,
            "none": 1.0
        },
        "effect_limits": {},
        "effect_limits_perm": {},
        "current_hp": 55,
        "current_shield": 0,
        "current_stagger": 40,
        "current_light": 4,
        "current_speed": 3,
        "offense_level_sources": {
            "base": 42
        },
        "defense_level_sources": {
            "base": 42
        },
        "attackslotchange": 0,
        "used": [],
        "is_active": false,
        "is_staggered": false,
        "staggeredThisTurn": false,
        "PlayerOrEnemy": "Enemy",
        "deploymentOrder": 0
    },
    "Refracted Reluctant Quaver Office Fixer": {
        "id": 200032,
        "name": "Refracted Reluctant Quaver Office Fixer",
        "source_file": "data/profiles\\mdEasyNode.json",
        "base_hp": 0,
        "hp_increment_by_level": 0,
        "base_stagger": 0,
        "stagger_increment_by_level": 0,
        "base_max_light": 0,
        "base_light_gain": 0,
        "base_page_draw": 0,
        "base_min_speed": 0,
        "base_max_speed": 0,
        "attack_slot": 1,
        "level": 14,
        "base_hp_overwrite": 50,
        "base_stagger_overwrite": 40,
        "base_max_light_overwrite": 4,
        "base_light_gain_overwrite": 1,
        "base_page_draw_overwrite": 2,
        "base_min_speed_overwrite": 2,
        "base_max_speed_overwrite": 7,
        "hidden": [],
        "evade_queue": [],
        "temphidden": [],
        "stats_dict": {
            "str": 10,
            "int": 10,
            "con": 10,
            "cha": 10,
            "dex": 10
        },
        "nextturn": {
            "light": 0
        },
        "buffs": {},
        "passives": [],
        "faction": [
            "Enemy",
            "Quaver Office"
        ],
        "exclude_targets_from_indiscriminate": [],
        "resistances": {
            "slash": 1.0,
            "blunt": 1.5,
            "pierce": 1.0
        },
        "stagger_resistances": {
            "slash": 1.0,
            "blunt": 1.5,
            "pierce": 1.0
        },
        "sin_resistances": {
            "Wrath": 1.0,
            "Lust": 1.0,
            "Sloth": 1.0,
            "Gluttony": 1.0,
            "Gloom": 1.0,
            "Pride": 1.0,
            "Envy": 1.0,
            "white": 1.0,
            "black": 1.0,
            "none": 1.0
        },
        "deck": {
            "Malfunction": {
                "cost": 4,
                "amount": 1
            },
            "Invigorate": {
                "cost": 1,
                "amount": 2
            },
            "Overwhelming": {
                "cost": 2,
                "amount": 2
            },
            "Cranium Crusher": {
                "cost": 2,
                "amount": 2
            },
            "Vibrating Fist": {
                "cost": 1,
                "amount": 2
            }
        },
        "hand": {},
        "original_resistances": {
            "slash": 1.0,
            "blunt": 1.5,
            "pierce": 1.0
        },
        "original_sin_resistances": {
            "Wrath": 1.0,
            "Lust": 1.0,
            "Sloth": 1.0,
            "Gluttony": 1.0,
            "Gloom": 1.0,
            "Pride": 1.0,
            "Envy": 1.0,
            "white": 1.0,
            "black": 1.0,
            "none": 1.0
        },
        "effect_limits": {},
        "effect_limits_perm": {},
        "current_hp": 50,
        "current_shield": 0,
        "current_stagger": 40,
        "current_light": 4,
        "current_speed": 3,
        "offense_level_sources": {
            "base": 42
        },
        "defense_level_sources": {
            "base": 42
        },
        "attackslotchange": 0,
        "used": [],
        "is_active": false,
        "is_staggered": false,
        "staggeredThisTurn": false,
        "PlayerOrEnemy": "Enemy",
        "deploymentOrder": 0
    },
    "Refracted Boneheaded Quaver Office Fixer": {
        "id": 200033,
        "name": "Refracted Boneheaded Quaver Office Fixer",
        "source_file": "data/profiles\\mdEasyNode.json",
        "base_hp": 0,
        "hp_increment_by_level": 0,
        "base_stagger": 0,
        "stagger_increment_by_level": 0,
        "base_max_light": 0,
        "base_light_gain": 0,
        "base_page_draw": 0,
        "base_min_speed": 0,
        "base_max_speed": 0,
        "attack_slot": 1,
        "level": 14,
        "base_hp_overwrite": 55,
        "base_stagger_overwrite": 40,
        "base_max_light_overwrite": 4,
        "base_light_gain_overwrite": 1,
        "base_page_draw_overwrite": 2,
        "base_min_speed_overwrite": 2,
        "base_max_speed_overwrite": 7,
        "hidden": [],
        "evade_queue": [],
        "temphidden": [],
        "stats_dict": {
            "str": 10,
            "int": 10,
            "con": 10,
            "cha": 10,
            "dex": 10
        },
        "nextturn": {
            "light": 0
        },
        "buffs": {},
        "passives": [],
        "faction": [
            "Enemy",
            "Quaver Office"
        ],
        "exclude_targets_from_indiscriminate": [],
        "resistances": {
            "slash": 1.0,
            "blunt": 1.5,
            "pierce": 1.0
        },
        "stagger_resistances": {
            "slash": 1.0,
            "blunt": 1.5,
            "pierce": 1.0
        },
        "sin_resistances": {
            "Wrath": 1.0,
            "Lust": 1.0,
            "Sloth": 1.0,
            "Gluttony": 1.0,
            "Gloom": 1.0,
            "Pride": 1.0,
            "Envy": 1.0,
            "white": 1.0,
            "black": 1.0,
            "none": 1.0
        },
        "deck": {
            "Malfunction": {
                "cost": 4,
                "amount": 1
            },
            "Activated Combustion": {
                "cost": 3,
                "amount": 2
            },
            "Overwhelming": {
                "cost": 2,
                "amount": 2
            },
            "Cranium Crusher": {
                "cost": 2,
                "amount": 2
            },
            "Vibrating Fist": {
                "cost": 1,
                "amount": 2
            }
        },
        "hand": {},
        "original_resistances": {
            "slash": 1.0,
            "blunt": 1.5,
            "pierce": 1.0
        },
        "original_sin_resistances": {
            "Wrath": 1.0,
            "Lust": 1.0,
            "Sloth": 1.0,
            "Gluttony": 1.0,
            "Gloom": 1.0,
            "Pride": 1.0,
            "Envy": 1.0,
            "white": 1.0,
            "black": 1.0,
            "none": 1.0
        },
        "effect_limits": {},
        "effect_limits_perm": {},
        "current_hp": 55,
        "current_shield": 0,
        "current_stagger": 40,
        "current_light": 4,
        "current_speed": 1,
        "offense_level_sources": {
            "base": 42
        },
        "defense_level_sources": {
            "base": 42
        },
        "attackslotchange": 0,
        "used": [],
        "is_active": false,
        "is_staggered": false,
        "staggeredThisTurn": false,
        "PlayerOrEnemy": "Enemy",
        "deploymentOrder": 0
    },
    "Refracted Violent Quaver Office Fixer": {
        "id": 200034,
        "name": "Refracted Violent Quaver Office Fixer",
        "source_file": "data/profiles\\mdEasyNode.json",
        "base_hp": 0,
        "hp_increment_by_level": 0,
        "base_stagger": 0,
        "stagger_increment_by_level": 0,
        "base_max_light": 0,
        "base_light_gain": 0,
        "base_page_draw": 0,
        "base_min_speed": 0,
        "base_max_speed": 0,
        "attack_slot": 1,
        "level": 14,
        "base_hp_overwrite": 50,
        "base_stagger_overwrite": 40,
        "base_max_light_overwrite": 4,
        "base_light_gain_overwrite": 1,
        "base_page_draw_overwrite": 2,
        "base_min_speed_overwrite": 2,
        "base_max_speed_overwrite": 7,
        "hidden": [],
        "evade_queue": [],
        "temphidden": [],
        "stats_dict": {
            "str": 10,
            "int": 10,
            "con": 10,
            "cha": 10,
            "dex": 10
        },
        "nextturn": {
            "light": 0
        },
        "buffs": {},
        "passives": [],
        "faction": [
            "Enemy",
            "Quaver Office"
        ],
        "exclude_targets_from_indiscriminate": [],
        "resistances": {
            "slash": 1.0,
            "blunt": 1.5,
            "pierce": 1.0
        },
        "stagger_resistances": {
            "slash": 1.0,
            "blunt": 1.5,
            "pierce": 1.0
        },
        "sin_resistances": {
            "Wrath": 1.0,
            "Lust": 1.0,
            "Sloth": 1.0,
            "Gluttony": 1.0,
            "Gloom": 1.0,
            "Pride": 1.0,
            "Envy": 1.0,
            "white": 1.0,
            "black": 1.0,
            "none": 1.0
        },
        "deck": {
            "Malfunction": {
                "cost": 4,
                "amount": 1
            },
            "Invigorate": {
                "cost": 1,
                "amount": 2
            },
            "Overwhelming": {
                "cost": 2,
                "amount": 2
            },
            "Cranium Crusher": {
                "cost": 2,
                "amount": 2
            },
            "Vibrating Fist": {
                "cost": 1,
                "amount": 2
            }
        },
        "hand": {},
        "original_resistances": {
            "slash": 1.0,
            "blunt": 1.5,
            "pierce": 1.0
        },
        "original_sin_resistances": {
            "Wrath": 1.0,
            "Lust": 1.0,
            "Sloth": 1.0,
            "Gluttony": 1.0,
            "Gloom": 1.0,
            "Pride": 1.0,
            "Envy": 1.0,
            "white": 1.0,
            "black": 1.0,
            "none": 1.0
        },
        "effect_limits": {},
        "effect_limits_perm": {},
        "current_hp": 50,
        "current_shield": 0,
        "current_stagger": 40,
        "current_light": 4,
        "current_speed": 1,
        "offense_level_sources": {
            "base": 42
        },
        "defense_level_sources": {
            "base": 42
        },
        "attackslotchange": 0,
        "used": [],
        "is_active": false,
        "is_staggered": false,
        "staggeredThisTurn": false,
        "PlayerOrEnemy": "Enemy",
        "deploymentOrder": 0
    }
}