{
    "Refracted Bladesworn Office Fixer 1": {
        "id": 200043,
        "name": "Refracted Bladesworn Office Fixer 1",
        "source_file": "data/profiles\\mdHardNode.json",
        "base_hp": 20,
        "hp_increment_by_level": 2,
        "base_stagger": 15,
        "stagger_increment_by_level": 2,
        "base_max_light": 2,
        "base_light_gain": 1,
        "base_page_draw": 1,
        "base_min_speed": 1,
        "base_max_speed": 2,
        "attack_slot": 1,
        "level": 14,
        "base_hp_overwrite": 85,
        "base_stagger_overwrite": 45,
        "base_max_light_overwrite": 5,
        "base_light_gain_overwrite": 5,
        "base_page_draw_overwrite": 2,
        "base_min_speed_overwrite": 1,
        "base_max_speed_overwrite": 6,
        "hidden": [],
        "evade_queue": [],
        "temphidden": [],
        "stats_dict": {
            "str": 16,
            "int": 12,
            "con": 16,
            "cha": 14,
            "dex": 14
        },
        "nextturn": {
            "light": 0
        },
        "buffs": {},
        "passives": [],
        "faction": [
            "Bladesworn Office Section 12",
            "Enemy"
        ],
        "exclude_targets_from_indiscriminate": [],
        "resistances": {
            "slash": 1.0,
            "blunt": 1.0,
            "pierce": 1.5
        },
        "stagger_resistances": {
            "slash": 1.0,
            "blunt": 1.0,
            "pierce": 1.5
        },
        "sin_resistances": {
            "Wrath": 1.0,
            "Lust": 1.0,
            "Sloth": 1.0,
            "Gluttony": 1.0,
            "Gloom": 1.0,
            "Pride": 1.0,
            "Envy": 1.0,
            "White": 1.0,
            "Black": 1.0,
            "none": 1.0
        },
        "deck": {
            "Diagonal Rend [倍増]": {
                "cost": 3,
                "amount": 2
            },
            "Draw of the Sword - Vaiśravaṇa Style [切れ]": {
                "cost": 0,
                "amount": 3
            },
            "One Guard [奥深い]": {
                "cost": 2,
                "amount": 2
            },
            "Ready for Duel [一騎打ち]": {
                "cost": 2,
                "amount": 1
            },
            "Riddle Holes [刺す]": {
                "cost": 2,
                "amount": 1
            }
        },
        "hand": {},
        "original_resistances": {
            "slash": 1.0,
            "blunt": 1.0,
            "pierce": 1.5
        },
        "original_sin_resistances": {
            "Wrath": 1.0,
            "Lust": 1.0,
            "Sloth": 1.0,
            "Gluttony": 1.0,
            "Gloom": 1.0,
            "Pride": 1.0,
            "Envy": 1.0,
            "White": 1.0,
            "Black": 1.0,
            "none": 1.0
        },
        "effect_limits": {},
        "effect_limits_perm": {},
        "current_hp": 85,
        "current_shield": 0,
        "current_stagger": 45,
        "current_light": 5,
        "current_speed": 1,
        "offense_level_sources": {
            "base": 42
        },
        "defense_level_sources": {
            "base": 42
        },
        "attackslotchange": 0,
        "used": [],
        "is_active": false,
        "is_staggered": false,
        "staggeredThisTurn": false,
        "PlayerOrEnemy": "Enemy",
        "deploymentOrder": 0
    },
    "Refracted Bladesworn Office Fixer 2": {
        "id": 200043,
        "name": "Refracted Bladesworn Office Fixer 2",
        "source_file": "data/profiles\\mdHardNode.json",
        "base_hp": 20,
        "hp_increment_by_level": 2,
        "base_stagger": 15,
        "stagger_increment_by_level": 2,
        "base_max_light": 2,
        "base_light_gain": 1,
        "base_page_draw": 1,
        "base_min_speed": 1,
        "base_max_speed": 2,
        "attack_slot": 1,
        "level": 14,
        "base_hp_overwrite": 85,
        "base_stagger_overwrite": 45,
        "base_max_light_overwrite": 5,
        "base_light_gain_overwrite": 5,
        "base_page_draw_overwrite": 2,
        "base_min_speed_overwrite": 1,
        "base_max_speed_overwrite": 6,
        "hidden": [],
        "evade_queue": [],
        "temphidden": [],
        "stats_dict": {
            "str": 16,
            "int": 12,
            "con": 16,
            "cha": 14,
            "dex": 14
        },
        "nextturn": {
            "light": 0
        },
        "buffs": {},
        "passives": [],
        "faction": [
            "Bladesworn Office Section 12",
            "Enemy"
        ],
        "exclude_targets_from_indiscriminate": [],
        "resistances": {
            "slash": 1.0,
            "blunt": 1.0,
            "pierce": 1.5
        },
        "stagger_resistances": {
            "slash": 1.0,
            "blunt": 1.0,
            "pierce": 1.5
        },
        "sin_resistances": {
            "Wrath": 1.0,
            "Lust": 1.0,
            "Sloth": 1.0,
            "Gluttony": 1.0,
            "Gloom": 1.0,
            "Pride": 1.0,
            "Envy": 1.0,
            "White": 1.0,
            "Black": 1.0,
            "none": 1.0
        },
        "deck": {
            "Diagonal Rend [倍増]": {
                "cost": 3,
                "amount": 2
            },
            "Draw of the Sword - Vaiśravaṇa Style [切れ]": {
                "cost": 0,
                "amount": 3
            },
            "One Guard [奥深い]": {
                "cost": 2,
                "amount": 2
            },
            "Ready for Duel [一騎打ち]": {
                "cost": 2,
                "amount": 1
            },
            "Riddle Holes [刺す]": {
                "cost": 2,
                "amount": 1
            }
        },
        "hand": {},
        "original_resistances": {
            "slash": 1.0,
            "blunt": 1.0,
            "pierce": 1.5
        },
        "original_sin_resistances": {
            "Wrath": 1.0,
            "Lust": 1.0,
            "Sloth": 1.0,
            "Gluttony": 1.0,
            "Gloom": 1.0,
            "Pride": 1.0,
            "Envy": 1.0,
            "White": 1.0,
            "Black": 1.0,
            "none": 1.0
        },
        "effect_limits": {},
        "effect_limits_perm": {},
        "current_hp": 85,
        "current_shield": 0,
        "current_stagger": 45,
        "current_light": 5,
        "current_speed": 5,
        "offense_level_sources": {
            "base": 42
        },
        "defense_level_sources": {
            "base": 42
        },
        "attackslotchange": 0,
        "used": [],
        "is_active": false,
        "is_staggered": false,
        "staggeredThisTurn": false,
        "PlayerOrEnemy": "Enemy",
        "deploymentOrder": 0
    },
    "Refracted Bladesworn Office Fixer 3": {
        "id": 200043,
        "name": "Refracted Bladesworn Office Fixer 3",
        "source_file": "data/profiles\\mdHardNode.json",
        "base_hp": 20,
        "hp_increment_by_level": 2,
        "base_stagger": 15,
        "stagger_increment_by_level": 2,
        "base_max_light": 2,
        "base_light_gain": 1,
        "base_page_draw": 1,
        "base_min_speed": 1,
        "base_max_speed": 2,
        "attack_slot": 1,
        "level": 14,
        "base_hp_overwrite": 85,
        "base_stagger_overwrite": 45,
        "base_max_light_overwrite": 5,
        "base_light_gain_overwrite": 5,
        "base_page_draw_overwrite": 2,
        "base_min_speed_overwrite": 1,
        "base_max_speed_overwrite": 6,
        "hidden": [],
        "evade_queue": [],
        "temphidden": [],
        "stats_dict": {
            "str": 16,
            "int": 12,
            "con": 16,
            "cha": 14,
            "dex": 14
        },
        "nextturn": {
            "light": 0
        },
        "buffs": {},
        "passives": [],
        "faction": [
            "Bladesworn Office Section 12",
            "Enemy"
        ],
        "exclude_targets_from_indiscriminate": [],
        "resistances": {
            "slash": 1.0,
            "blunt": 1.0,
            "pierce": 1.5
        },
        "stagger_resistances": {
            "slash": 1.0,
            "blunt": 1.0,
            "pierce": 1.5
        },
        "sin_resistances": {
            "Wrath": 1.0,
            "Lust": 1.0,
            "Sloth": 1.0,
            "Gluttony": 1.0,
            "Gloom": 1.0,
            "Pride": 1.0,
            "Envy": 1.0,
            "White": 1.0,
            "Black": 1.0,
            "none": 1.0
        },
        "deck": {
            "Diagonal Rend [倍増]": {
                "cost": 3,
                "amount": 2
            },
            "Draw of the Sword - Vaiśravaṇa Style [切れ]": {
                "cost": 0,
                "amount": 3
            },
            "One Guard [奥深い]": {
                "cost": 2,
                "amount": 2
            },
            "Ready for Duel [一騎打ち]": {
                "cost": 2,
                "amount": 1
            },
            "Riddle Holes [刺す]": {
                "cost": 2,
                "amount": 1
            }
        },
        "hand": {},
        "original_resistances": {
            "slash": 1.0,
            "blunt": 1.0,
            "pierce": 1.5
        },
        "original_sin_resistances": {
            "Wrath": 1.0,
            "Lust": 1.0,
            "Sloth": 1.0,
            "Gluttony": 1.0,
            "Gloom": 1.0,
            "Pride": 1.0,
            "Envy": 1.0,
            "White": 1.0,
            "Black": 1.0,
            "none": 1.0
        },
        "effect_limits": {},
        "effect_limits_perm": {},
        "current_hp": 85,
        "current_shield": 0,
        "current_stagger": 45,
        "current_light": 5,
        "current_speed": 1,
        "offense_level_sources": {
            "base": 42
        },
        "defense_level_sources": {
            "base": 42
        },
        "attackslotchange": 0,
        "used": [],
        "is_active": false,
        "is_staggered": false,
        "staggeredThisTurn": false,
        "PlayerOrEnemy": "Enemy",
        "deploymentOrder": 0
    },
    "Refracted Bladesworn Office Fixer 4": {
        "id": 200043,
        "name": "Refracted Bladesworn Office Fixer 4",
        "source_file": "data/profiles\\mdHardNode.json",
        "base_hp": 20,
        "hp_increment_by_level": 2,
        "base_stagger": 15,
        "stagger_increment_by_level": 2,
        "base_max_light": 2,
        "base_light_gain": 1,
        "base_page_draw": 1,
        "base_min_speed": 1,
        "base_max_speed": 2,
        "attack_slot": 1,
        "level": 14,
        "base_hp_overwrite": 85,
        "base_stagger_overwrite": 45,
        "base_max_light_overwrite": 5,
        "base_light_gain_overwrite": 5,
        "base_page_draw_overwrite": 2,
        "base_min_speed_overwrite": 1,
        "base_max_speed_overwrite": 6,
        "hidden": [],
        "evade_queue": [],
        "temphidden": [],
        "stats_dict": {
            "str": 16,
            "int": 12,
            "con": 16,
            "cha": 14,
            "dex": 14
        },
        "nextturn": {
            "light": 0
        },
        "buffs": {},
        "passives": [],
        "faction": [
            "Bladesworn Office Section 12",
            "Enemy"
        ],
        "exclude_targets_from_indiscriminate": [],
        "resistances": {
            "slash": 1.0,
            "blunt": 1.0,
            "pierce": 1.5
        },
        "stagger_resistances": {
            "slash": 1.0,
            "blunt": 1.0,
            "pierce": 1.5
        },
        "sin_resistances": {
            "Wrath": 1.0,
            "Lust": 1.0,
            "Sloth": 1.0,
            "Gluttony": 1.0,
            "Gloom": 1.0,
            "Pride": 1.0,
            "Envy": 1.0,
            "White": 1.0,
            "Black": 1.0,
            "none": 1.0
        },
        "deck": {
            "Diagonal Rend [倍増]": {
                "cost": 3,
                "amount": 2
            },
            "Draw of the Sword - Vaiśravaṇa Style [切れ]": {
                "cost": 0,
                "amount": 3
            },
            "One Guard [奥深い]": {
                "cost": 2,
                "amount": 2
            },
            "Ready for Duel [一騎打ち]": {
                "cost": 2,
                "amount": 1
            },
            "Riddle Holes [刺す]": {
                "cost": 2,
                "amount": 1
            }
        },
        "hand": {},
        "original_resistances": {
            "slash": 1.0,
            "blunt": 1.0,
            "pierce": 1.5
        },
        "original_sin_resistances": {
            "Wrath": 1.0,
            "Lust": 1.0,
            "Sloth": 1.0,
            "Gluttony": 1.0,
            "Gloom": 1.0,
            "Pride": 1.0,
            "Envy": 1.0,
            "White": 1.0,
            "Black": 1.0,
            "none": 1.0
        },
        "effect_limits": {},
        "effect_limits_perm": {},
        "current_hp": 85,
        "current_shield": 0,
        "current_stagger": 45,
        "current_light": 5,
        "current_speed": 5,
        "offense_level_sources": {
            "base": 42
        },
        "defense_level_sources": {
            "base": 42
        },
        "attackslotchange": 0,
        "used": [],
        "is_active": false,
        "is_staggered": false,
        "staggeredThisTurn": false,
        "PlayerOrEnemy": "Enemy",
        "deploymentOrder": 0
    },
    "Refracted Bladesworn Office Fixer 5": {
        "id": 200043,
        "name": "Refracted Bladesworn Office Fixer 5",
        "source_file": "data/profiles\\mdHardNode.json",
        "base_hp": 20,
        "hp_increment_by_level": 2,
        "base_stagger": 15,
        "stagger_increment_by_level": 2,
        "base_max_light": 2,
        "base_light_gain": 1,
        "base_page_draw": 1,
        "base_min_speed": 1,
        "base_max_speed": 2,
        "attack_slot": 1,
        "level": 14,
        "base_hp_overwrite": 85,
        "base_stagger_overwrite": 45,
        "base_max_light_overwrite": 5,
        "base_light_gain_overwrite": 5,
        "base_page_draw_overwrite": 2,
        "base_min_speed_overwrite": 1,
        "base_max_speed_overwrite": 6,
        "hidden": [],
        "evade_queue": [],
        "temphidden": [],
        "stats_dict": {
            "str": 16,
            "int": 12,
            "con": 16,
            "cha": 14,
            "dex": 14
        },
        "nextturn": {
            "light": 0
        },
        "buffs": {},
        "passives": [],
        "faction": [
            "Bladesworn Office Section 12",
            "Enemy"
        ],
        "exclude_targets_from_indiscriminate": [],
        "resistances": {
            "slash": 1.0,
            "blunt": 1.0,
            "pierce": 1.5
        },
        "stagger_resistances": {
            "slash": 1.0,
            "blunt": 1.0,
            "pierce": 1.5
        },
        "sin_resistances": {
            "Wrath": 1.0,
            "Lust": 1.0,
            "Sloth": 1.0,
            "Gluttony": 1.0,
            "Gloom": 1.0,
            "Pride": 1.0,
            "Envy": 1.0,
            "White": 1.0,
            "Black": 1.0,
            "none": 1.0
        },
        "deck": {
            "Diagonal Rend [倍増]": {
                "cost": 3,
                "amount": 2
            },
            "Draw of the Sword - Vaiśravaṇa Style [切れ]": {
                "cost": 0,
                "amount": 3
            },
            "One Guard [奥深い]": {
                "cost": 2,
                "amount": 2
            },
            "Ready for Duel [一騎打ち]": {
                "cost": 2,
                "amount": 1
            },
            "Riddle Holes [刺す]": {
                "cost": 2,
                "amount": 1
            }
        },
        "hand": {},
        "original_resistances": {
            "slash": 1.0,
            "blunt": 1.0,
            "pierce": 1.5
        },
        "original_sin_resistances": {
            "Wrath": 1.0,
            "Lust": 1.0,
            "Sloth": 1.0,
            "Gluttony": 1.0,
            "Gloom": 1.0,
            "Pride": 1.0,
            "Envy": 1.0,
            "White": 1.0,
            "Black": 1.0,
            "none": 1.0
        },
        "effect_limits": {},
        "effect_limits_perm": {},
        "current_hp": 85,
        "current_shield": 0,
        "current_stagger": 45,
        "current_light": 5,
        "current_speed": 4,
        "offense_level_sources": {
            "base": 42
        },
        "defense_level_sources": {
            "base": 42
        },
        "attackslotchange": 0,
        "used": [],
        "is_active": false,
        "is_staggered": false,
        "staggeredThisTurn": false,
        "PlayerOrEnemy": "Enemy",
        "deploymentOrder": 0
    },
    "Refracted Arrowedge Office Fixer 1": {
        "id": 100011,
        "name": "Refracted Arrowedge Office Fixer 1",
        "source_file": "data/profiles\\mdHardNode.json",
        "base_hp": 20,
        "hp_increment_by_level": 2,
        "base_stagger": 15,
        "stagger_increment_by_level": 1,
        "base_max_light": 2,
        "base_light_gain": 1,
        "base_page_draw": 1,
        "base_min_speed": 1,
        "base_max_speed": 2,
        "attack_slot": 1,
        "level": 14,
        "base_hp_overwrite": 0,
        "base_stagger_overwrite": 0,
        "base_max_light_overwrite": 0,
        "base_light_gain_overwrite": 0,
        "base_page_draw_overwrite": 0,
        "base_min_speed_overwrite": 0,
        "base_max_speed_overwrite": 0,
        "hidden": [],
        "evade_queue": [],
        "temphidden": [],
        "stats_dict": {
            "str": 16,
            "con": 18,
            "dex": 16,
            "int": 18,
            "cha": 18
        },
        "nextturn": {
            "light": 0
        },
        "buffs": {},
        "passives": [],
        "faction": [
            "Enemy",
            "Arrowedge Office Section 2",
            "Grade 7 Fixer"
        ],
        "exclude_targets_from_indiscriminate": [],
        "resistances": {
            "slash": 1.2,
            "blunt": 1.2,
            "pierce": 0.5
        },
        "stagger_resistances": {
            "slash": 1.0,
            "blunt": 1.2,
            "pierce": 0.8
        },
        "sin_resistances": {
            "Wrath": 1.0,
            "Lust": 1.0,
            "Sloth": 1.0,
            "Gluttony": 0.6,
            "Gloom": 1.0,
            "Pride": 1.5,
            "Envy": 1.0,
            "white": 1.0,
            "black": 1.0,
            "none": 1.0
        },
        "deck": {
            "Tendon Piercer": {
                "cost": 1,
                "amount": 2
            },
            "Refracted Frantic Maelstrom": {
                "cost": 2,
                "amount": 2
            },
            "Drawstring": {
                "cost": 2,
                "amount": 1
            },
            "Death From Above": {
                "cost": 3,
                "amount": 1
            },
            "Quiver Smack": {
                "cost": 0,
                "amount": 3
            }
        },
        "hand": {},
        "original_resistances": {
            "slash": 1.2,
            "blunt": 1.2,
            "pierce": 0.5
        },
        "original_sin_resistances": {
            "Wrath": 1.0,
            "Lust": 1.0,
            "Sloth": 1.0,
            "Gluttony": 0.6,
            "Gloom": 1.0,
            "Pride": 1.5,
            "Envy": 1.0,
            "white": 1.0,
            "black": 1.0,
            "none": 1.0
        },
        "effect_limits": {},
        "effect_limits_perm": {},
        "current_hp": 104,
        "current_shield": 0,
        "current_stagger": 71,
        "current_light": 5,
        "current_speed": 6,
        "offense_level_sources": {
            "base": 42
        },
        "defense_level_sources": {
            "base": 42
        },
        "attackslotchange": 0,
        "used": [],
        "is_active": false,
        "is_staggered": false,
        "staggeredThisTurn": false,
        "PlayerOrEnemy": "Enemy",
        "deploymentOrder": 0
    },
    "Refracted Arrowedge Office Fixer 2": {
        "id": 100011,
        "name": "Refracted Arrowedge Office Fixer 2",
        "source_file": "data/profiles\\mdHardNode.json",
        "base_hp": 20,
        "hp_increment_by_level": 2,
        "base_stagger": 15,
        "stagger_increment_by_level": 1,
        "base_max_light": 2,
        "base_light_gain": 1,
        "base_page_draw": 1,
        "base_min_speed": 1,
        "base_max_speed": 2,
        "attack_slot": 1,
        "level": 14,
        "base_hp_overwrite": 0,
        "base_stagger_overwrite": 0,
        "base_max_light_overwrite": 0,
        "base_light_gain_overwrite": 0,
        "base_page_draw_overwrite": 0,
        "base_min_speed_overwrite": 0,
        "base_max_speed_overwrite": 0,
        "hidden": [],
        "evade_queue": [],
        "temphidden": [],
        "stats_dict": {
            "str": 16,
            "con": 18,
            "dex": 16,
            "int": 18,
            "cha": 18
        },
        "nextturn": {
            "light": 0
        },
        "buffs": {},
        "passives": [],
        "faction": [
            "Enemy",
            "Arrowedge Office Section 2",
            "Grade 7 Fixer"
        ],
        "exclude_targets_from_indiscriminate": [],
        "resistances": {
            "slash": 1.2,
            "blunt": 1.2,
            "pierce": 0.5
        },
        "stagger_resistances": {
            "slash": 1.0,
            "blunt": 1.2,
            "pierce": 0.8
        },
        "sin_resistances": {
            "Wrath": 1.0,
            "Lust": 1.0,
            "Sloth": 1.0,
            "Gluttony": 0.6,
            "Gloom": 1.0,
            "Pride": 1.5,
            "Envy": 1.0,
            "white": 1.0,
            "black": 1.0,
            "none": 1.0
        },
        "deck": {
            "Tendon Piercer": {
                "cost": 1,
                "amount": 2
            },
            "Refracted Frantic Maelstrom": {
                "cost": 2,
                "amount": 2
            },
            "Drawstring": {
                "cost": 2,
                "amount": 1
            },
            "Death From Above": {
                "cost": 3,
                "amount": 1
            },
            "Quiver Smack": {
                "cost": 0,
                "amount": 3
            }
        },
        "hand": {},
        "original_resistances": {
            "slash": 1.2,
            "blunt": 1.2,
            "pierce": 0.5
        },
        "original_sin_resistances": {
            "Wrath": 1.0,
            "Lust": 1.0,
            "Sloth": 1.0,
            "Gluttony": 0.6,
            "Gloom": 1.0,
            "Pride": 1.5,
            "Envy": 1.0,
            "white": 1.0,
            "black": 1.0,
            "none": 1.0
        },
        "effect_limits": {},
        "effect_limits_perm": {},
        "current_hp": 104,
        "current_shield": 0,
        "current_stagger": 71,
        "current_light": 5,
        "current_speed": 7,
        "offense_level_sources": {
            "base": 42,
            "OffenseLevelDownBuff": -3
        },
        "defense_level_sources": {
            "base": 42
        },
        "attackslotchange": 0,
        "used": [],
        "is_active": false,
        "is_staggered": false,
        "staggeredThisTurn": false,
        "PlayerOrEnemy": "Enemy",
        "deploymentOrder": 0
    },
    "Refracted Arrowedge Office Fixer 3": {
        "id": 100011,
        "name": "Refracted Arrowedge Office Fixer 3",
        "source_file": "data/profiles\\mdHardNode.json",
        "base_hp": 20,
        "hp_increment_by_level": 2,
        "base_stagger": 15,
        "stagger_increment_by_level": 1,
        "base_max_light": 2,
        "base_light_gain": 1,
        "base_page_draw": 1,
        "base_min_speed": 1,
        "base_max_speed": 2,
        "attack_slot": 1,
        "level": 14,
        "base_hp_overwrite": 0,
        "base_stagger_overwrite": 0,
        "base_max_light_overwrite": 0,
        "base_light_gain_overwrite": 0,
        "base_page_draw_overwrite": 0,
        "base_min_speed_overwrite": 0,
        "base_max_speed_overwrite": 0,
        "hidden": [],
        "evade_queue": [],
        "temphidden": [],
        "stats_dict": {
            "str": 16,
            "con": 18,
            "dex": 16,
            "int": 18,
            "cha": 18
        },
        "nextturn": {
            "light": 0
        },
        "buffs": {},
        "passives": [],
        "faction": [
            "Enemy",
            "Arrowedge Office Section 2",
            "Grade 7 Fixer"
        ],
        "exclude_targets_from_indiscriminate": [],
        "resistances": {
            "slash": 1.2,
            "blunt": 1.2,
            "pierce": 0.5
        },
        "stagger_resistances": {
            "slash": 1.0,
            "blunt": 1.2,
            "pierce": 0.8
        },
        "sin_resistances": {
            "Wrath": 1.0,
            "Lust": 1.0,
            "Sloth": 1.0,
            "Gluttony": 0.6,
            "Gloom": 1.0,
            "Pride": 1.5,
            "Envy": 1.0,
            "white": 1.0,
            "black": 1.0,
            "none": 1.0
        },
        "deck": {
            "Tendon Piercer": {
                "cost": 1,
                "amount": 2
            },
            "Refracted Frantic Maelstrom": {
                "cost": 2,
                "amount": 2
            },
            "Drawstring": {
                "cost": 2,
                "amount": 1
            },
            "Death From Above": {
                "cost": 3,
                "amount": 1
            },
            "Quiver Smack": {
                "cost": 0,
                "amount": 3
            }
        },
        "hand": {},
        "original_resistances": {
            "slash": 1.2,
            "blunt": 1.2,
            "pierce": 0.5
        },
        "original_sin_resistances": {
            "Wrath": 1.0,
            "Lust": 1.0,
            "Sloth": 1.0,
            "Gluttony": 0.6,
            "Gloom": 1.0,
            "Pride": 1.5,
            "Envy": 1.0,
            "white": 1.0,
            "black": 1.0,
            "none": 1.0
        },
        "effect_limits": {},
        "effect_limits_perm": {},
        "current_hp": 104,
        "current_shield": 0,
        "current_stagger": 71,
        "current_light": 5,
        "current_speed": 6,
        "offense_level_sources": {
            "base": 42
        },
        "defense_level_sources": {
            "base": 42
        },
        "attackslotchange": 0,
        "used": [],
        "is_active": false,
        "is_staggered": false,
        "staggeredThisTurn": false,
        "PlayerOrEnemy": "Enemy",
        "deploymentOrder": 0
    },
    "Refracted Arrowedge Office Fixer 4": {
        "id": 100011,
        "name": "Refracted Arrowedge Office Fixer 4",
        "source_file": "data/profiles\\mdHardNode.json",
        "base_hp": 20,
        "hp_increment_by_level": 2,
        "base_stagger": 15,
        "stagger_increment_by_level": 1,
        "base_max_light": 2,
        "base_light_gain": 1,
        "base_page_draw": 1,
        "base_min_speed": 1,
        "base_max_speed": 2,
        "attack_slot": 1,
        "level": 14,
        "base_hp_overwrite": 0,
        "base_stagger_overwrite": 0,
        "base_max_light_overwrite": 0,
        "base_light_gain_overwrite": 0,
        "base_page_draw_overwrite": 0,
        "base_min_speed_overwrite": 0,
        "base_max_speed_overwrite": 0,
        "hidden": [],
        "evade_queue": [],
        "temphidden": [],
        "stats_dict": {
            "str": 16,
            "con": 18,
            "dex": 16,
            "int": 18,
            "cha": 18
        },
        "nextturn": {
            "light": 0
        },
        "buffs": {},
        "passives": [],
        "faction": [
            "Enemy",
            "Arrowedge Office Section 2",
            "Grade 7 Fixer"
        ],
        "exclude_targets_from_indiscriminate": [],
        "resistances": {
            "slash": 1.2,
            "blunt": 1.2,
            "pierce": 0.5
        },
        "stagger_resistances": {
            "slash": 1.0,
            "blunt": 1.2,
            "pierce": 0.8
        },
        "sin_resistances": {
            "Wrath": 1.0,
            "Lust": 1.0,
            "Sloth": 1.0,
            "Gluttony": 0.6,
            "Gloom": 1.0,
            "Pride": 1.5,
            "Envy": 1.0,
            "white": 1.0,
            "black": 1.0,
            "none": 1.0
        },
        "deck": {
            "Tendon Piercer": {
                "cost": 1,
                "amount": 2
            },
            "Refracted Frantic Maelstrom": {
                "cost": 2,
                "amount": 2
            },
            "Drawstring": {
                "cost": 2,
                "amount": 1
            },
            "Death From Above": {
                "cost": 3,
                "amount": 1
            },
            "Quiver Smack": {
                "cost": 0,
                "amount": 3
            }
        },
        "hand": {},
        "original_resistances": {
            "slash": 1.2,
            "blunt": 1.2,
            "pierce": 0.5
        },
        "original_sin_resistances": {
            "Wrath": 1.0,
            "Lust": 1.0,
            "Sloth": 1.0,
            "Gluttony": 0.6,
            "Gloom": 1.0,
            "Pride": 1.5,
            "Envy": 1.0,
            "white": 1.0,
            "black": 1.0,
            "none": 1.0
        },
        "effect_limits": {},
        "effect_limits_perm": {},
        "current_hp": 104,
        "current_shield": 0,
        "current_stagger": 71,
        "current_light": 5,
        "current_speed": 7,
        "offense_level_sources": {
            "base": 42
        },
        "defense_level_sources": {
            "base": 42
        },
        "attackslotchange": 0,
        "used": [],
        "is_active": false,
        "is_staggered": false,
        "staggeredThisTurn": false,
        "PlayerOrEnemy": "Enemy",
        "deploymentOrder": 0
    },
    "Refracted Arrowedge Office Fixer 5": {
        "id": 100011,
        "name": "Refracted Arrowedge Office Fixer 5",
        "source_file": "data/profiles\\mdHardNode.json",
        "base_hp": 20,
        "hp_increment_by_level": 2,
        "base_stagger": 15,
        "stagger_increment_by_level": 1,
        "base_max_light": 2,
        "base_light_gain": 1,
        "base_page_draw": 1,
        "base_min_speed": 1,
        "base_max_speed": 2,
        "attack_slot": 1,
        "level": 14,
        "base_hp_overwrite": 0,
        "base_stagger_overwrite": 0,
        "base_max_light_overwrite": 0,
        "base_light_gain_overwrite": 0,
        "base_page_draw_overwrite": 0,
        "base_min_speed_overwrite": 0,
        "base_max_speed_overwrite": 0,
        "hidden": [],
        "evade_queue": [],
        "temphidden": [],
        "stats_dict": {
            "str": 16,
            "con": 18,
            "dex": 16,
            "int": 18,
            "cha": 18
        },
        "nextturn": {
            "light": 0
        },
        "buffs": {},
        "passives": [],
        "faction": [
            "Enemy",
            "Arrowedge Office Section 2",
            "Grade 7 Fixer"
        ],
        "exclude_targets_from_indiscriminate": [],
        "resistances": {
            "slash": 1.2,
            "blunt": 1.2,
            "pierce": 0.5
        },
        "stagger_resistances": {
            "slash": 1.0,
            "blunt": 1.2,
            "pierce": 0.8
        },
        "sin_resistances": {
            "Wrath": 1.0,
            "Lust": 1.0,
            "Sloth": 1.0,
            "Gluttony": 0.6,
            "Gloom": 1.0,
            "Pride": 1.5,
            "Envy": 1.0,
            "white": 1.0,
            "black": 1.0,
            "none": 1.0
        },
        "deck": {
            "Tendon Piercer": {
                "cost": 1,
                "amount": 2
            },
            "Refracted Frantic Maelstrom": {
                "cost": 2,
                "amount": 2
            },
            "Drawstring": {
                "cost": 2,
                "amount": 1
            },
            "Death From Above": {
                "cost": 3,
                "amount": 1
            },
            "Quiver Smack": {
                "cost": 0,
                "amount": 3
            }
        },
        "hand": {},
        "original_resistances": {
            "slash": 1.2,
            "blunt": 1.2,
            "pierce": 0.5
        },
        "original_sin_resistances": {
            "Wrath": 1.0,
            "Lust": 1.0,
            "Sloth": 1.0,
            "Gluttony": 0.6,
            "Gloom": 1.0,
            "Pride": 1.5,
            "Envy": 1.0,
            "white": 1.0,
            "black": 1.0,
            "none": 1.0
        },
        "effect_limits": {},
        "effect_limits_perm": {},
        "current_hp": 104,
        "current_shield": 0,
        "current_stagger": 71,
        "current_light": 5,
        "current_speed": 6,
        "offense_level_sources": {
            "base": 42
        },
        "defense_level_sources": {
            "base": 42
        },
        "attackslotchange": 0,
        "used": [],
        "is_active": false,
        "is_staggered": false,
        "staggeredThisTurn": false,
        "PlayerOrEnemy": "Enemy",
        "deploymentOrder": 0
    },
    "Refracted Arrowedge Office Rep": {
        "id": 100011,
        "name": "Refracted Arrowedge Office Rep",
        "source_file": "data/profiles\\mdHardNode.json",
        "base_hp": 0,
        "hp_increment_by_level": 0,
        "base_stagger": 0,
        "stagger_increment_by_level": 0,
        "base_max_light": 0,
        "base_light_gain": 0,
        "base_page_draw": 0,
        "base_min_speed": 2,
        "base_max_speed": 1,
        "attack_slot": 2,
        "level": 14,
        "base_hp_overwrite": 100,
        "base_stagger_overwrite": 45,
        "base_max_light_overwrite": 6,
        "base_light_gain_overwrite": 1,
        "base_page_draw_overwrite": 2,
        "base_min_speed_overwrite": 0,
        "base_max_speed_overwrite": 0,
        "hidden": [],
        "evade_queue": [],
        "temphidden": [],
        "stats_dict": {
            "str": 10,
            "int": 10,
            "con": 10,
            "cha": 10,
            "dex": 18
        },
        "nextturn": {
            "light": 0
        },
        "buffs": {},
        "passives": [],
        "faction": [
            "Enemy",
            "Arrowedge Office Section 2",
            "Grade 7 Fixer"
        ],
        "exclude_targets_from_indiscriminate": [],
        "resistances": {
            "slash": 1.2,
            "blunt": 1.2,
            "pierce": 0.5
        },
        "stagger_resistances": {
            "slash": 1.0,
            "blunt": 1.2,
            "pierce": 0.8
        },
        "sin_resistances": {
            "Wrath": 1.0,
            "Lust": 1.0,
            "Sloth": 1.0,
            "Gluttony": 0.6,
            "Gloom": 1.0,
            "Pride": 1.5,
            "Envy": 1.0,
            "white": 1.0,
            "black": 1.0,
            "none": 1.0
        },
        "deck": {
            "Tendon Piercer": {
                "cost": 1,
                "amount": 1
            },
            "Volley of Arrows": {
                "cost": 4,
                "amount": 1
            },
            "Refracted Frantic Maelstrom": {
                "cost": 2,
                "amount": 2
            },
            "Drawstring": {
                "cost": 2,
                "amount": 1
            },
            "Death From Above": {
                "cost": 3,
                "amount": 1
            },
            "Quiver Smack": {
                "cost": 0,
                "amount": 3
            }
        },
        "hand": {},
        "original_resistances": {
            "slash": 1.2,
            "blunt": 1.2,
            "pierce": 0.5
        },
        "original_sin_resistances": {
            "Wrath": 1.0,
            "Lust": 1.0,
            "Sloth": 1.0,
            "Gluttony": 0.6,
            "Gloom": 1.0,
            "Pride": 1.5,
            "Envy": 1.0,
            "white": 1.0,
            "black": 1.0,
            "none": 1.0
        },
        "effect_limits": {},
        "effect_limits_perm": {},
        "current_hp": 100,
        "current_shield": 0,
        "current_stagger": 45,
        "current_light": 6,
        "current_speed": 5,
        "offense_level_sources": {
            "base": 42
        },
        "defense_level_sources": {
            "base": 42
        },
        "attackslotchange": 0,
        "used": [],
        "is_active": false,
        "is_staggered": false,
        "staggeredThisTurn": false,
        "PlayerOrEnemy": "Enemy",
        "deploymentOrder": 0
    }
}