{
    "Bistro Chef 1": {
        "id": 200035,
        "name": "Bistro Chef 1",
        "source_file": "data/profiles\\pierreProfile.json",
        "base_hp": 0,
        "hp_increment_by_level": 0,
        "base_stagger": 0,
        "stagger_increment_by_level": 0,
        "base_max_light": 0,
        "base_light_gain": 0,
        "base_page_draw": 0,
        "base_min_speed": 0,
        "base_max_speed": 0,
        "attack_slot": 1,
        "level": 14,
        "base_hp_overwrite": 55,
        "base_stagger_overwrite": 27,
        "base_max_light_overwrite": 5,
        "base_light_gain_overwrite": 2,
        "base_page_draw_overwrite": 2,
        "base_min_speed_overwrite": 2,
        "base_max_speed_overwrite": 6,
        "hidden": [],
        "evade_queue": [],
        "temphidden": [],
        "stats_dict": {
            "str": 10,
            "int": 10,
            "con": 10,
            "cha": 10,
            "dex": 10
        },
        "nextturn": {
            "light": 0
        },
        "buffs": {},
        "passives": [],
        "faction": [
            "Enemy",
            "P. Bistro"
        ],
        "exclude_targets_from_indiscriminate": [],
        "resistances": {
            "slash": 1.5,
            "blunt": 1.0,
            "pierce": 1.0
        },
        "stagger_resistances": {
            "slash": 2.0,
            "blunt": 1.0,
            "pierce": 1.0
        },
        "sin_resistances": {
            "Wrath": 1.0,
            "Lust": 1.0,
            "Sloth": 1.0,
            "Gluttony": 1.0,
            "Gloom": 1.0,
            "Pride": 1.0,
            "Envy": 1.0,
            "White": 1.0,
            "Black": 1.0,
            "none": 1.0
        },
        "deck": {
            "Butcher Cleave": {
                "cost": 0,
                "amount": 2
            },
            "Unadulterated Slaughter": {
                "cost": 2,
                "amount": 2
            },
            "Meat Injection": {
                "cost": 2,
                "amount": 1
            },
            "Moisture Retention": {
                "cost": 1,
                "amount": 1
            },
            "Pride as a Chef": {
                "cost": 1,
                "amount": 3
            }
        },
        "hand": {},
        "original_resistances": {
            "slash": 1.5,
            "blunt": 1.0,
            "pierce": 1.0
        },
        "original_sin_resistances": {
            "Wrath": 1.0,
            "Lust": 1.0,
            "Sloth": 1.0,
            "Gluttony": 1.0,
            "Gloom": 1.0,
            "Pride": 1.0,
            "Envy": 1.0,
            "White": 1.0,
            "Black": 1.0,
            "none": 1.0
        },
        "effect_limits": {},
        "effect_limits_perm": {},
        "current_hp": 55,
        "current_shield": 0,
        "current_stagger": 27,
        "current_light": 5,
        "current_speed": 1,
        "offense_level_sources": {
            "base": 42
        },
        "defense_level_sources": {
            "base": 42
        },
        "attackslotchange": 0,
        "used": [],
        "is_active": false,
        "is_staggered": false,
        "staggeredThisTurn": false,
        "PlayerOrEnemy": "Enemy",
        "deploymentOrder": 0
    },
    "Bistro Chef 2": {
        "id": 200036,
        "name": "Bistro Chef 2",
        "source_file": "data/profiles\\pierreProfile.json",
        "base_hp": 0,
        "hp_increment_by_level": 0,
        "base_stagger": 0,
        "stagger_increment_by_level": 0,
        "base_max_light": 0,
        "base_light_gain": 0,
        "base_page_draw": 0,
        "base_min_speed": 0,
        "base_max_speed": 0,
        "attack_slot": 1,
        "level": 14,
        "base_hp_overwrite": 55,
        "base_stagger_overwrite": 27,
        "base_max_light_overwrite": 5,
        "base_light_gain_overwrite": 2,
        "base_page_draw_overwrite": 2,
        "base_min_speed_overwrite": 2,
        "base_max_speed_overwrite": 6,
        "hidden": [],
        "evade_queue": [],
        "temphidden": [],
        "stats_dict": {
            "str": 10,
            "int": 10,
            "con": 10,
            "cha": 10,
            "dex": 10
        },
        "nextturn": {
            "light": 0
        },
        "buffs": {},
        "passives": [],
        "faction": [
            "Enemy",
            "P. Bistro"
        ],
        "exclude_targets_from_indiscriminate": [],
        "resistances": {
            "slash": 1.5,
            "blunt": 1.0,
            "pierce": 1.0
        },
        "stagger_resistances": {
            "slash": 2.0,
            "blunt": 1.0,
            "pierce": 1.0
        },
        "sin_resistances": {
            "Wrath": 1.0,
            "Lust": 1.0,
            "Sloth": 1.0,
            "Gluttony": 1.0,
            "Gloom": 1.0,
            "Pride": 1.0,
            "Envy": 1.0,
            "White": 1.0,
            "Black": 1.0,
            "none": 1.0
        },
        "deck": {
            "Butcher Cleave": {
                "cost": 0,
                "amount": 2
            },
            "Unadulterated Slaughter": {
                "cost": 2,
                "amount": 2
            },
            "Meat Injection": {
                "cost": 2,
                "amount": 1
            },
            "Moisture Retention": {
                "cost": 1,
                "amount": 1
            },
            "Pride as a Chef": {
                "cost": 1,
                "amount": 3
            }
        },
        "hand": {},
        "original_resistances": {
            "slash": 1.5,
            "blunt": 1.0,
            "pierce": 1.0
        },
        "original_sin_resistances": {
            "Wrath": 1.0,
            "Lust": 1.0,
            "Sloth": 1.0,
            "Gluttony": 1.0,
            "Gloom": 1.0,
            "Pride": 1.0,
            "Envy": 1.0,
            "White": 1.0,
            "Black": 1.0,
            "none": 1.0
        },
        "effect_limits": {},
        "effect_limits_perm": {},
        "current_hp": 55,
        "current_shield": 0,
        "current_stagger": 27,
        "current_light": 5,
        "current_speed": 1,
        "offense_level_sources": {
            "base": 42
        },
        "defense_level_sources": {
            "base": 42
        },
        "attackslotchange": 0,
        "used": [],
        "is_active": false,
        "is_staggered": false,
        "staggeredThisTurn": false,
        "PlayerOrEnemy": "Enemy",
        "deploymentOrder": 0
    },
    "Bistro Chef 3": {
        "id": 200037,
        "name": "Bistro Chef 3",
        "source_file": "data/profiles\\pierreProfile.json",
        "base_hp": 0,
        "hp_increment_by_level": 0,
        "base_stagger": 0,
        "stagger_increment_by_level": 0,
        "base_max_light": 0,
        "base_light_gain": 0,
        "base_page_draw": 0,
        "base_min_speed": 0,
        "base_max_speed": 0,
        "attack_slot": 1,
        "level": 14,
        "base_hp_overwrite": 55,
        "base_stagger_overwrite": 27,
        "base_max_light_overwrite": 5,
        "base_light_gain_overwrite": 2,
        "base_page_draw_overwrite": 2,
        "base_min_speed_overwrite": 2,
        "base_max_speed_overwrite": 6,
        "hidden": [],
        "evade_queue": [],
        "temphidden": [],
        "stats_dict": {
            "str": 10,
            "int": 10,
            "con": 10,
            "cha": 10,
            "dex": 10
        },
        "nextturn": {
            "light": 0
        },
        "buffs": {},
        "passives": [],
        "faction": [
            "Enemy",
            "P. Bistro"
        ],
        "exclude_targets_from_indiscriminate": [],
        "resistances": {
            "slash": 1.5,
            "blunt": 1.0,
            "pierce": 1.0
        },
        "stagger_resistances": {
            "slash": 2.0,
            "blunt": 1.0,
            "pierce": 1.0
        },
        "sin_resistances": {
            "Wrath": 1.0,
            "Lust": 1.0,
            "Sloth": 1.0,
            "Gluttony": 1.0,
            "Gloom": 1.0,
            "Pride": 1.0,
            "Envy": 1.0,
            "White": 1.0,
            "Black": 1.0,
            "none": 1.0
        },
        "deck": {
            "Butcher Cleave": {
                "cost": 0,
                "amount": 2
            },
            "Unadulterated Slaughter": {
                "cost": 2,
                "amount": 2
            },
            "Meat Injection": {
                "cost": 2,
                "amount": 1
            },
            "Moisture Retention": {
                "cost": 1,
                "amount": 1
            },
            "Pride as a Chef": {
                "cost": 1,
                "amount": 3
            }
        },
        "hand": {},
        "original_resistances": {
            "slash": 1.5,
            "blunt": 1.0,
            "pierce": 1.0
        },
        "original_sin_resistances": {
            "Wrath": 1.0,
            "Lust": 1.0,
            "Sloth": 1.0,
            "Gluttony": 1.0,
            "Gloom": 1.0,
            "Pride": 1.0,
            "Envy": 1.0,
            "White": 1.0,
            "Black": 1.0,
            "none": 1.0
        },
        "effect_limits": {},
        "effect_limits_perm": {},
        "current_hp": 55,
        "current_shield": 0,
        "current_stagger": 27,
        "current_light": 5,
        "current_speed": 1,
        "offense_level_sources": {
            "base": 42
        },
        "defense_level_sources": {
            "base": 42
        },
        "attackslotchange": 0,
        "used": [],
        "is_active": false,
        "is_staggered": false,
        "staggeredThisTurn": false,
        "PlayerOrEnemy": "Enemy",
        "deploymentOrder": 0
    },
    "Bistro Chef 4": {
        "id": 200037,
        "name": "Bistro Chef 4",
        "source_file": "data/profiles\\pierreProfile.json",
        "base_hp": 0,
        "hp_increment_by_level": 0,
        "base_stagger": 0,
        "stagger_increment_by_level": 0,
        "base_max_light": 0,
        "base_light_gain": 0,
        "base_page_draw": 0,
        "base_min_speed": 0,
        "base_max_speed": 0,
        "attack_slot": 1,
        "level": 14,
        "base_hp_overwrite": 55,
        "base_stagger_overwrite": 27,
        "base_max_light_overwrite": 5,
        "base_light_gain_overwrite": 2,
        "base_page_draw_overwrite": 2,
        "base_min_speed_overwrite": 2,
        "base_max_speed_overwrite": 6,
        "hidden": [],
        "evade_queue": [],
        "temphidden": [],
        "stats_dict": {
            "str": 10,
            "int": 10,
            "con": 10,
            "cha": 10,
            "dex": 10
        },
        "nextturn": {
            "light": 0
        },
        "buffs": {},
        "passives": [],
        "faction": [
            "Enemy",
            "P. Bistro"
        ],
        "exclude_targets_from_indiscriminate": [],
        "resistances": {
            "slash": 1.5,
            "blunt": 1.0,
            "pierce": 1.0
        },
        "stagger_resistances": {
            "slash": 2.0,
            "blunt": 1.0,
            "pierce": 1.0
        },
        "sin_resistances": {
            "Wrath": 1.0,
            "Lust": 1.0,
            "Sloth": 1.0,
            "Gluttony": 1.0,
            "Gloom": 1.0,
            "Pride": 1.0,
            "Envy": 1.0,
            "White": 1.0,
            "Black": 1.0,
            "none": 1.0
        },
        "deck": {
            "Butcher Cleave": {
                "cost": 0,
                "amount": 2
            },
            "Unadulterated Slaughter": {
                "cost": 2,
                "amount": 2
            },
            "Meat Injection": {
                "cost": 2,
                "amount": 1
            },
            "Moisture Retention": {
                "cost": 1,
                "amount": 1
            },
            "Pride as a Chef": {
                "cost": 1,
                "amount": 3
            }
        },
        "hand": {},
        "original_resistances": {
            "slash": 1.5,
            "blunt": 1.0,
            "pierce": 1.0
        },
        "original_sin_resistances": {
            "Wrath": 1.0,
            "Lust": 1.0,
            "Sloth": 1.0,
            "Gluttony": 1.0,
            "Gloom": 1.0,
            "Pride": 1.0,
            "Envy": 1.0,
            "White": 1.0,
            "Black": 1.0,
            "none": 1.0
        },
        "effect_limits": {},
        "effect_limits_perm": {},
        "current_hp": 55,
        "current_shield": 0,
        "current_stagger": 27,
        "current_light": 5,
        "current_speed": 1,
        "offense_level_sources": {
            "base": 42
        },
        "defense_level_sources": {
            "base": 42
        },
        "attackslotchange": 0,
        "used": [],
        "is_active": false,
        "is_staggered": false,
        "staggeredThisTurn": false,
        "PlayerOrEnemy": "Enemy",
        "deploymentOrder": 0
    },
    "Bistro Chef 5": {
        "id": 200037,
        "name": "Bistro Chef 5",
        "source_file": "data/profiles\\pierreProfile.json",
        "base_hp": 0,
        "hp_increment_by_level": 0,
        "base_stagger": 0,
        "stagger_increment_by_level": 0,
        "base_max_light": 0,
        "base_light_gain": 0,
        "base_page_draw": 0,
        "base_min_speed": 0,
        "base_max_speed": 0,
        "attack_slot": 1,
        "level": 14,
        "base_hp_overwrite": 55,
        "base_stagger_overwrite": 27,
        "base_max_light_overwrite": 5,
        "base_light_gain_overwrite": 2,
        "base_page_draw_overwrite": 2,
        "base_min_speed_overwrite": 2,
        "base_max_speed_overwrite": 6,
        "hidden": [],
        "evade_queue": [],
        "temphidden": [],
        "stats_dict": {
            "str": 10,
            "int": 10,
            "con": 10,
            "cha": 10,
            "dex": 10
        },
        "nextturn": {
            "light": 0
        },
        "buffs": {},
        "passives": [],
        "faction": [
            "Enemy",
            "P. Bistro"
        ],
        "exclude_targets_from_indiscriminate": [],
        "resistances": {
            "slash": 1.5,
            "blunt": 1.0,
            "pierce": 1.0
        },
        "stagger_resistances": {
            "slash": 2.0,
            "blunt": 1.0,
            "pierce": 1.0
        },
        "sin_resistances": {
            "Wrath": 1.0,
            "Lust": 1.0,
            "Sloth": 1.0,
            "Gluttony": 1.0,
            "Gloom": 1.0,
            "Pride": 1.0,
            "Envy": 1.0,
            "White": 1.0,
            "Black": 1.0,
            "none": 1.0
        },
        "deck": {
            "Butcher Cleave": {
                "cost": 0,
                "amount": 2
            },
            "Unadulterated Slaughter": {
                "cost": 2,
                "amount": 2
            },
            "Meat Injection": {
                "cost": 2,
                "amount": 1
            },
            "Moisture Retention": {
                "cost": 1,
                "amount": 1
            },
            "Pride as a Chef": {
                "cost": 1,
                "amount": 3
            }
        },
        "hand": {},
        "original_resistances": {
            "slash": 1.5,
            "blunt": 1.0,
            "pierce": 1.0
        },
        "original_sin_resistances": {
            "Wrath": 1.0,
            "Lust": 1.0,
            "Sloth": 1.0,
            "Gluttony": 1.0,
            "Gloom": 1.0,
            "Pride": 1.0,
            "Envy": 1.0,
            "White": 1.0,
            "Black": 1.0,
            "none": 1.0
        },
        "effect_limits": {},
        "effect_limits_perm": {},
        "current_hp": 55,
        "current_shield": 0,
        "current_stagger": 27,
        "current_light": 5,
        "current_speed": 1,
        "offense_level_sources": {
            "base": 42
        },
        "defense_level_sources": {
            "base": 42
        },
        "attackslotchange": 0,
        "used": [],
        "is_active": false,
        "is_staggered": false,
        "staggeredThisTurn": false,
        "PlayerOrEnemy": "Enemy",
        "deploymentOrder": 0
    },
    "Jeanne": {
        "id": 200038,
        "name": "Jeanne",
        "source_file": "data/profiles\\pierreProfile.json",
        "base_hp": 0,
        "hp_increment_by_level": 0,
        "base_stagger": 0,
        "stagger_increment_by_level": 0,
        "base_max_light": 0,
        "base_light_gain": 0,
        "base_page_draw": 0,
        "base_min_speed": 0,
        "base_max_speed": 0,
        "attack_slot": 1,
        "level": 14,
        "base_hp_overwrite": 55,
        "base_stagger_overwrite": 30,
        "base_max_light_overwrite": 5,
        "base_light_gain_overwrite": 2,
        "base_page_draw_overwrite": 2,
        "base_min_speed_overwrite": 2,
        "base_max_speed_overwrite": 6,
        "hidden": [],
        "evade_queue": [],
        "temphidden": [],
        "stats_dict": {
            "str": 10,
            "int": 10,
            "con": 10,
            "cha": 10,
            "dex": 10
        },
        "nextturn": {
            "light": 0
        },
        "buffs": {},
        "passives": [],
        "faction": [
            "Enemy",
            "P. Bistro"
        ],
        "exclude_targets_from_indiscriminate": [],
        "resistances": {
            "slash": 1.0,
            "blunt": 1.5,
            "pierce": 1.0
        },
        "stagger_resistances": {
            "slash": 2.0,
            "blunt": 1.0,
            "pierce": 1.0
        },
        "sin_resistances": {
            "Wrath": 1.0,
            "Lust": 1.0,
            "Sloth": 1.0,
            "Gluttony": 1.0,
            "Gloom": 1.0,
            "Pride": 1.0,
            "Envy": 1.0,
            "White": 1.0,
            "Black": 1.0,
            "none": 1.0
        },
        "deck": {
            "Butcher Cleave": {
                "cost": 0,
                "amount": 1
            },
            "Unadulterated Slaughter": {
                "cost": 2,
                "amount": 1
            },
            "Meat Injection": {
                "cost": 2,
                "amount": 1
            },
            "Moisture Retention": {
                "cost": 1,
                "amount": 1
            },
            "Pride as a Chef": {
                "cost": 1,
                "amount": 1
            },
            "Silent Cutter": {
                "cost": 0,
                "amount": 1
            },
            "Subprimal Finish": {
                "cost": 3,
                "amount": 1
            }
        },
        "hand": {},
        "original_resistances": {
            "slash": 1.0,
            "blunt": 1.5,
            "pierce": 1.0
        },
        "original_sin_resistances": {
            "Wrath": 1.0,
            "Lust": 1.0,
            "Sloth": 1.0,
            "Gluttony": 1.0,
            "Gloom": 1.0,
            "Pride": 1.0,
            "Envy": 1.0,
            "White": 1.0,
            "Black": 1.0,
            "none": 1.0
        },
        "effect_limits": {},
        "effect_limits_perm": {},
        "current_hp": 55,
        "current_shield": 0,
        "current_stagger": 30,
        "current_light": 5,
        "current_speed": 1,
        "offense_level_sources": {
            "base": 42
        },
        "defense_level_sources": {
            "base": 42
        },
        "attackslotchange": 0,
        "used": [],
        "is_active": false,
        "is_staggered": false,
        "staggeredThisTurn": false,
        "PlayerOrEnemy": "Enemy",
        "deploymentOrder": 0
    },
    "Bound Captive 1": {
        "id": 100039,
        "name": "Bound Captive 1",
        "source_file": "data/profiles\\pierreProfile.json",
        "base_hp": 0,
        "hp_increment_by_level": 0,
        "base_stagger": 0,
        "stagger_increment_by_level": 0,
        "base_max_light": 0,
        "base_light_gain": 0,
        "base_page_draw": 0,
        "base_min_speed": 0,
        "base_max_speed": 0,
        "attack_slot": 1,
        "level": 14,
        "base_hp_overwrite": 10,
        "base_stagger_overwrite": 10,
        "base_max_light_overwrite": 0,
        "base_light_gain_overwrite": 0,
        "base_page_draw_overwrite": 0,
        "base_min_speed_overwrite": 0,
        "base_max_speed_overwrite": 0,
        "hidden": [],
        "evade_queue": [],
        "temphidden": [],
        "stats_dict": {
            "str": 10,
            "int": 10,
            "con": 10,
            "cha": 10,
            "dex": 10
        },
        "nextturn": {
            "light": 0
        },
        "buffs": {},
        "passives": [],
        "faction": [
            "Bound Captive",
            "Player"
        ],
        "exclude_targets_from_indiscriminate": [],
        "resistances": {
            "slash": 3.0,
            "blunt": 3.0,
            "pierce": 3.0
        },
        "stagger_resistances": {
            "slash": 3.0,
            "blunt": 3.0,
            "pierce": 3.0
        },
        "sin_resistances": {
            "Wrath": 1.0,
            "Lust": 1.0,
            "Sloth": 1.0,
            "Gluttony": 1.0,
            "Gloom": 1.0,
            "Pride": 1.0,
            "Envy": 1.0,
            "White": 1.0,
            "Black": 1.0,
            "none": 1.0
        },
        "deck": {},
        "hand": {},
        "original_resistances": {
            "slash": 3.0,
            "blunt": 3.0,
            "pierce": 3.0
        },
        "original_sin_resistances": {
            "Wrath": 1.0,
            "Lust": 1.0,
            "Sloth": 1.0,
            "Gluttony": 1.0,
            "Gloom": 1.0,
            "Pride": 1.0,
            "Envy": 1.0,
            "White": 1.0,
            "Black": 1.0,
            "none": 1.0
        },
        "effect_limits": {},
        "effect_limits_perm": {},
        "current_hp": 10,
        "current_shield": 0,
        "current_stagger": 10,
        "current_light": 1,
        "current_speed": 1,
        "offense_level_sources": {
            "base": 42
        },
        "defense_level_sources": {
            "base": 42
        },
        "attackslotchange": 0,
        "used": [],
        "is_active": false,
        "is_staggered": false,
        "staggeredThisTurn": false,
        "PlayerOrEnemy": "Player",
        "deploymentOrder": 0
    },
    "Jeff the rat": {
        "id": 100040,
        "name": "Jeff the rat",
        "source_file": "data/profiles\\pierreProfile.json",
        "base_hp": 0,
        "hp_increment_by_level": 0,
        "base_stagger": 0,
        "stagger_increment_by_level": 0,
        "base_max_light": 0,
        "base_light_gain": 0,
        "base_page_draw": 0,
        "base_min_speed": 0,
        "base_max_speed": 0,
        "attack_slot": 1,
        "level": 14,
        "base_hp_overwrite": 1.2,
        "base_stagger_overwrite": 1.2,
        "base_max_light_overwrite": 0,
        "base_light_gain_overwrite": 0,
        "base_page_draw_overwrite": 0,
        "base_min_speed_overwrite": 0,
        "base_max_speed_overwrite": 0,
        "hidden": [],
        "evade_queue": [],
        "temphidden": [],
        "stats_dict": {
            "str": 10,
            "int": 10,
            "con": 10,
            "cha": 10,
            "dex": 10
        },
        "nextturn": {
            "light": 0
        },
        "buffs": {},
        "passives": [],
        "faction": [
            "Rat",
            "Player"
        ],
        "exclude_targets_from_indiscriminate": [],
        "resistances": {
            "slash": 3.0,
            "blunt": 3.0,
            "pierce": 3.0
        },
        "stagger_resistances": {
            "slash": 3.0,
            "blunt": 3.0,
            "pierce": 3.0
        },
        "sin_resistances": {
            "Wrath": 1.0,
            "Lust": 1.0,
            "Sloth": 1.0,
            "Gluttony": 1.0,
            "Gloom": 1.0,
            "Pride": 1.0,
            "Envy": 1.0,
            "White": 1.0,
            "Black": 1.0,
            "none": 1.0
        },
        "deck": {},
        "hand": {},
        "original_resistances": {
            "slash": 3.0,
            "blunt": 3.0,
            "pierce": 3.0
        },
        "original_sin_resistances": {
            "Wrath": 1.0,
            "Lust": 1.0,
            "Sloth": 1.0,
            "Gluttony": 1.0,
            "Gloom": 1.0,
            "Pride": 1.0,
            "Envy": 1.0,
            "White": 1.0,
            "Black": 1.0,
            "none": 1.0
        },
        "effect_limits": {},
        "effect_limits_perm": {},
        "current_hp": 1.2,
        "current_shield": 0,
        "current_stagger": 1.2,
        "current_light": 1,
        "current_speed": 1,
        "offense_level_sources": {
            "base": 42
        },
        "defense_level_sources": {
            "base": 42
        },
        "attackslotchange": 0,
        "used": [],
        "is_active": false,
        "is_staggered": false,
        "staggeredThisTurn": false,
        "PlayerOrEnemy": "Player",
        "deploymentOrder": 0
    },
    "Bound Captive 2": {
        "id": 100041,
        "name": "Bound Captive 2",
        "source_file": "data/profiles\\pierreProfile.json",
        "base_hp": 0,
        "hp_increment_by_level": 0,
        "base_stagger": 0,
        "stagger_increment_by_level": 0,
        "base_max_light": 0,
        "base_light_gain": 0,
        "base_page_draw": 0,
        "base_min_speed": 0,
        "base_max_speed": 0,
        "attack_slot": 1,
        "level": 14,
        "base_hp_overwrite": 10,
        "base_stagger_overwrite": 10,
        "base_max_light_overwrite": 0,
        "base_light_gain_overwrite": 0,
        "base_page_draw_overwrite": 0,
        "base_min_speed_overwrite": 0,
        "base_max_speed_overwrite": 0,
        "hidden": [],
        "evade_queue": [],
        "temphidden": [],
        "stats_dict": {
            "str": 10,
            "int": 10,
            "con": 10,
            "cha": 10,
            "dex": 10
        },
        "nextturn": {
            "light": 0
        },
        "buffs": {},
        "passives": [],
        "faction": [
            "Bound Captive",
            "Player"
        ],
        "exclude_targets_from_indiscriminate": [],
        "resistances": {
            "slash": 3.0,
            "blunt": 3.0,
            "pierce": 3.0
        },
        "stagger_resistances": {
            "slash": 3.0,
            "blunt": 3.0,
            "pierce": 3.0
        },
        "sin_resistances": {
            "Wrath": 1.0,
            "Lust": 1.0,
            "Sloth": 1.0,
            "Gluttony": 1.0,
            "Gloom": 1.0,
            "Pride": 1.0,
            "Envy": 1.0,
            "White": 1.0,
            "Black": 1.0,
            "none": 1.0
        },
        "deck": {},
        "hand": {},
        "original_resistances": {
            "slash": 3.0,
            "blunt": 3.0,
            "pierce": 3.0
        },
        "original_sin_resistances": {
            "Wrath": 1.0,
            "Lust": 1.0,
            "Sloth": 1.0,
            "Gluttony": 1.0,
            "Gloom": 1.0,
            "Pride": 1.0,
            "Envy": 1.0,
            "White": 1.0,
            "Black": 1.0,
            "none": 1.0
        },
        "effect_limits": {},
        "effect_limits_perm": {},
        "current_hp": 10,
        "current_shield": 0,
        "current_stagger": 10,
        "current_light": 1,
        "current_speed": 1,
        "offense_level_sources": {
            "base": 42
        },
        "defense_level_sources": {
            "base": 42
        },
        "attackslotchange": 0,
        "used": [],
        "is_active": false,
        "is_staggered": false,
        "staggeredThisTurn": false,
        "PlayerOrEnemy": "Player",
        "deploymentOrder": 0
    },
    "Bound Captive 3": {
        "id": 100042,
        "name": "Bound Captive 3",
        "source_file": "data/profiles\\pierreProfile.json",
        "base_hp": 0,
        "hp_increment_by_level": 0,
        "base_stagger": 0,
        "stagger_increment_by_level": 0,
        "base_max_light": 0,
        "base_light_gain": 0,
        "base_page_draw": 0,
        "base_min_speed": 0,
        "base_max_speed": 0,
        "attack_slot": 1,
        "level": 14,
        "base_hp_overwrite": 10,
        "base_stagger_overwrite": 10,
        "base_max_light_overwrite": 0,
        "base_light_gain_overwrite": 0,
        "base_page_draw_overwrite": 0,
        "base_min_speed_overwrite": 0,
        "base_max_speed_overwrite": 0,
        "hidden": [],
        "evade_queue": [],
        "temphidden": [],
        "stats_dict": {
            "str": 10,
            "int": 10,
            "con": 10,
            "cha": 10,
            "dex": 10
        },
        "nextturn": {
            "light": 0
        },
        "buffs": {},
        "passives": [],
        "faction": [
            "Bound Captive",
            "Player"
        ],
        "exclude_targets_from_indiscriminate": [],
        "resistances": {
            "slash": 3.0,
            "blunt": 3.0,
            "pierce": 3.0
        },
        "stagger_resistances": {
            "slash": 3.0,
            "blunt": 3.0,
            "pierce": 3.0
        },
        "sin_resistances": {
            "Wrath": 1.0,
            "Lust": 1.0,
            "Sloth": 1.0,
            "Gluttony": 1.0,
            "Gloom": 1.0,
            "Pride": 1.0,
            "Envy": 1.0,
            "White": 1.0,
            "Black": 1.0,
            "none": 1.0
        },
        "deck": {},
        "hand": {},
        "original_resistances": {
            "slash": 3.0,
            "blunt": 3.0,
            "pierce": 3.0
        },
        "original_sin_resistances": {
            "Wrath": 1.0,
            "Lust": 1.0,
            "Sloth": 1.0,
            "Gluttony": 1.0,
            "Gloom": 1.0,
            "Pride": 1.0,
            "Envy": 1.0,
            "White": 1.0,
            "Black": 1.0,
            "none": 1.0
        },
        "effect_limits": {},
        "effect_limits_perm": {},
        "current_hp": 10,
        "current_shield": 0,
        "current_stagger": 10,
        "current_light": 1,
        "current_speed": 1,
        "offense_level_sources": {
            "base": 42
        },
        "defense_level_sources": {
            "base": 42
        },
        "attackslotchange": 0,
        "used": [],
        "is_active": false,
        "is_staggered": false,
        "staggeredThisTurn": false,
        "PlayerOrEnemy": "Player",
        "deploymentOrder": 0
    }
}