{
    "Ren": {
        "id": 200030,
        "name": "Ren",
        "source_file": "data/profiles\\quaverProfile.json",
        "base_hp": 0,
        "hp_increment_by_level": 0,
        "base_stagger": 0,
        "stagger_increment_by_level": 0,
        "base_max_light": 0,
        "base_light_gain": 0,
        "base_page_draw": 0,
        "base_min_speed": 0,
        "base_max_speed": 0,
        "attack_slot": 1,
        "level": 14,
        "base_hp_overwrite": 60,
        "base_stagger_overwrite": 45,
        "base_max_light_overwrite": 5,
        "base_light_gain_overwrite": 2,
        "base_page_draw_overwrite": 2,
        "base_min_speed_overwrite": 2,
        "base_max_speed_overwrite": 7,
        "hidden": [],
        "evade_queue": [],
        "temphidden": [],
        "stats_dict": {
            "str": 10,
            "int": 10,
            "con": 10,
            "cha": 10,
            "dex": 10
        },
        "nextturn": {
            "light": 0
        },
        "buffs": {},
        "passives": [],
        "faction": [
            "Enemy",
            "Quaver Office"
        ],
        "exclude_targets_from_indiscriminate": [],
        "resistances": {
            "slash": 1.0,
            "blunt": 1.5,
            "pierce": 1.0
        },
        "stagger_resistances": {
            "slash": 1.0,
            "blunt": 1.5,
            "pierce": 1.0
        },
        "sin_resistances": {
            "Wrath": 1.0,
            "Lust": 1.0,
            "Sloth": 1.0,
            "Gluttony": 1.0,
            "Gloom": 1.0,
            "Pride": 1.0,
            "Envy": 1.0,
            "white": 1.0,
            "black": 1.0,
            "none": 1.0
        },
        "deck": {
            "Malfunction": {
                "cost": 4,
                "amount": 1
            },
            "Invigorate": {
                "cost": 1,
                "amount": 1
            },
            "Feel The Blazing Vibrations!!": {
                "cost": 4,
                "amount": 1
            },
            "Activated Combustion": {
                "cost": 3,
                "amount": 1
            },
            "Overwhelming": {
                "cost": 2,
                "amount": 1
            },
            "Cranium Crusher": {
                "cost": 2,
                "amount": 2
            },
            "Vibrating Fist": {
                "cost": 1,
                "amount": 2
            }
        },
        "hand": {},
        "original_resistances": {
            "slash": 1.0,
            "blunt": 1.5,
            "pierce": 1.0
        },
        "original_sin_resistances": {
            "Wrath": 1.0,
            "Lust": 1.0,
            "Sloth": 1.0,
            "Gluttony": 1.0,
            "Gloom": 1.0,
            "Pride": 1.0,
            "Envy": 1.0,
            "white": 1.0,
            "black": 1.0,
            "none": 1.0
        },
        "effect_limits": {},
        "effect_limits_perm": {},
        "current_hp": 60,
        "current_shield": 0,
        "current_stagger": 45,
        "current_light": 5,
        "current_speed": 5,
        "offense_level_sources": {
            "base": 42
        },
        "defense_level_sources": {
            "base": 42
        },
        "attackslotchange": 0,
        "used": [],
        "is_active": false,
        "is_staggered": false,
        "staggeredThisTurn": false,
        "PlayerOrEnemy": "Enemy",
        "deploymentOrder": 0
    },
    "Stubborn Quaver Office Fixer": {
        "id": 200031,
        "name": "Stubborn Quaver Office Fixer",
        "source_file": "data/profiles\\quaverProfile.json",
        "base_hp": 0,
        "hp_increment_by_level": 0,
        "base_stagger": 0,
        "stagger_increment_by_level": 0,
        "base_max_light": 0,
        "base_light_gain": 0,
        "base_page_draw": 0,
        "base_min_speed": 0,
        "base_max_speed": 0,
        "attack_slot": 1,
        "level": 14,
        "base_hp_overwrite": 55,
        "base_stagger_overwrite": 40,
        "base_max_light_overwrite": 4,
        "base_light_gain_overwrite": 1,
        "base_page_draw_overwrite": 2,
        "base_min_speed_overwrite": 2,
        "base_max_speed_overwrite": 7,
        "hidden": [],
        "evade_queue": [],
        "temphidden": [],
        "stats_dict": {
            "str": 10,
            "int": 10,
            "con": 10,
            "cha": 10,
            "dex": 10
        },
        "nextturn": {
            "light": 0
        },
        "buffs": {},
        "passives": [],
        "faction": [
            "Enemy",
            "Quaver Office"
        ],
        "exclude_targets_from_indiscriminate": [],
        "resistances": {
            "slash": 1.0,
            "blunt": 1.5,
            "pierce": 1.0
        },
        "stagger_resistances": {
            "slash": 1.0,
            "blunt": 1.5,
            "pierce": 1.0
        },
        "sin_resistances": {
            "Wrath": 1.0,
            "Lust": 1.0,
            "Sloth": 1.0,
            "Gluttony": 1.0,
            "Gloom": 1.0,
            "Pride": 1.0,
            "Envy": 1.0,
            "white": 1.0,
            "black": 1.0,
            "none": 1.0
        },
        "deck": {
            "Malfunction": {
                "cost": 4,
                "amount": 1
            },
            "Activated Combustion": {
                "cost": 3,
                "amount": 2
            },
            "Overwhelming": {
                "cost": 2,
                "amount": 2
            },
            "Cranium Crusher": {
                "cost": 2,
                "amount": 2
            },
            "Vibrating Fist": {
                "cost": 1,
                "amount": 2
            }
        },
        "hand": {},
        "original_resistances": {
            "slash": 1.0,
            "blunt": 1.5,
            "pierce": 1.0
        },
        "original_sin_resistances": {
            "Wrath": 1.0,
            "Lust": 1.0,
            "Sloth": 1.0,
            "Gluttony": 1.0,
            "Gloom": 1.0,
            "Pride": 1.0,
            "Envy": 1.0,
            "white": 1.0,
            "black": 1.0,
            "none": 1.0
        },
        "effect_limits": {},
        "effect_limits_perm": {},
        "current_hp": 55,
        "current_shield": 0,
        "current_stagger": 40,
        "current_light": 4,
        "current_speed": 2,
        "offense_level_sources": {
            "base": 42
        },
        "defense_level_sources": {
            "base": 42
        },
        "attackslotchange": 0,
        "used": [],
        "is_active": false,
        "is_staggered": false,
        "staggeredThisTurn": false,
        "PlayerOrEnemy": "Enemy",
        "deploymentOrder": 0
    },
    "Reluctant Quaver Office Fixer": {
        "id": 200032,
        "name": "Reluctant Quaver Office Fixer",
        "source_file": "data/profiles\\quaverProfile.json",
        "base_hp": 0,
        "hp_increment_by_level": 0,
        "base_stagger": 0,
        "stagger_increment_by_level": 0,
        "base_max_light": 0,
        "base_light_gain": 0,
        "base_page_draw": 0,
        "base_min_speed": 0,
        "base_max_speed": 0,
        "attack_slot": 1,
        "level": 14,
        "base_hp_overwrite": 50,
        "base_stagger_overwrite": 40,
        "base_max_light_overwrite": 4,
        "base_light_gain_overwrite": 1,
        "base_page_draw_overwrite": 2,
        "base_min_speed_overwrite": 2,
        "base_max_speed_overwrite": 7,
        "hidden": [],
        "evade_queue": [],
        "temphidden": [],
        "stats_dict": {
            "str": 10,
            "int": 10,
            "con": 10,
            "cha": 10,
            "dex": 10
        },
        "nextturn": {
            "light": 0
        },
        "buffs": {},
        "passives": [],
        "faction": [
            "Enemy",
            "Quaver Office"
        ],
        "exclude_targets_from_indiscriminate": [],
        "resistances": {
            "slash": 1.0,
            "blunt": 1.5,
            "pierce": 1.0
        },
        "stagger_resistances": {
            "slash": 1.0,
            "blunt": 1.5,
            "pierce": 1.0
        },
        "sin_resistances": {
            "Wrath": 1.0,
            "Lust": 1.0,
            "Sloth": 1.0,
            "Gluttony": 1.0,
            "Gloom": 1.0,
            "Pride": 1.0,
            "Envy": 1.0,
            "white": 1.0,
            "black": 1.0,
            "none": 1.0
        },
        "deck": {
            "Malfunction": {
                "cost": 4,
                "amount": 1
            },
            "Invigorate": {
                "cost": 1,
                "amount": 2
            },
            "Overwhelming": {
                "cost": 2,
                "amount": 2
            },
            "Cranium Crusher": {
                "cost": 2,
                "amount": 2
            },
            "Vibrating Fist": {
                "cost": 1,
                "amount": 2
            }
        },
        "hand": {},
        "original_resistances": {
            "slash": 1.0,
            "blunt": 1.5,
            "pierce": 1.0
        },
        "original_sin_resistances": {
            "Wrath": 1.0,
            "Lust": 1.0,
            "Sloth": 1.0,
            "Gluttony": 1.0,
            "Gloom": 1.0,
            "Pride": 1.0,
            "Envy": 1.0,
            "white": 1.0,
            "black": 1.0,
            "none": 1.0
        },
        "effect_limits": {},
        "effect_limits_perm": {},
        "current_hp": 50,
        "current_shield": 0,
        "current_stagger": 40,
        "current_light": 4,
        "current_speed": 4,
        "offense_level_sources": {
            "base": 42
        },
        "defense_level_sources": {
            "base": 42
        },
        "attackslotchange": 0,
        "used": [],
        "is_active": false,
        "is_staggered": false,
        "staggeredThisTurn": false,
        "PlayerOrEnemy": "Enemy",
        "deploymentOrder": 0
    },
    "Stubborn Quaver Office Fixer 2": {
        "id": 200033,
        "name": "Stubborn Quaver Office Fixer 2",
        "source_file": "data/profiles\\quaverProfile.json",
        "base_hp": 0,
        "hp_increment_by_level": 0,
        "base_stagger": 0,
        "stagger_increment_by_level": 0,
        "base_max_light": 0,
        "base_light_gain": 0,
        "base_page_draw": 0,
        "base_min_speed": 0,
        "base_max_speed": 0,
        "attack_slot": 1,
        "level": 14,
        "base_hp_overwrite": 55,
        "base_stagger_overwrite": 40,
        "base_max_light_overwrite": 4,
        "base_light_gain_overwrite": 1,
        "base_page_draw_overwrite": 2,
        "base_min_speed_overwrite": 2,
        "base_max_speed_overwrite": 7,
        "hidden": [],
        "evade_queue": [],
        "temphidden": [],
        "stats_dict": {
            "str": 10,
            "int": 10,
            "con": 10,
            "cha": 10,
            "dex": 10
        },
        "nextturn": {
            "light": 0
        },
        "buffs": {},
        "passives": [],
        "faction": [
            "Enemy",
            "Quaver Office"
        ],
        "exclude_targets_from_indiscriminate": [],
        "resistances": {
            "slash": 1.0,
            "blunt": 1.5,
            "pierce": 1.0
        },
        "stagger_resistances": {
            "slash": 1.0,
            "blunt": 1.5,
            "pierce": 1.0
        },
        "sin_resistances": {
            "Wrath": 1.0,
            "Lust": 1.0,
            "Sloth": 1.0,
            "Gluttony": 1.0,
            "Gloom": 1.0,
            "Pride": 1.0,
            "Envy": 1.0,
            "white": 1.0,
            "black": 1.0,
            "none": 1.0
        },
        "deck": {
            "Malfunction": {
                "cost": 4,
                "amount": 1
            },
            "Activated Combustion": {
                "cost": 3,
                "amount": 2
            },
            "Overwhelming": {
                "cost": 2,
                "amount": 2
            },
            "Cranium Crusher": {
                "cost": 2,
                "amount": 2
            },
            "Vibrating Fist": {
                "cost": 1,
                "amount": 2
            }
        },
        "hand": {},
        "original_resistances": {
            "slash": 1.0,
            "blunt": 1.5,
            "pierce": 1.0
        },
        "original_sin_resistances": {
            "Wrath": 1.0,
            "Lust": 1.0,
            "Sloth": 1.0,
            "Gluttony": 1.0,
            "Gloom": 1.0,
            "Pride": 1.0,
            "Envy": 1.0,
            "white": 1.0,
            "black": 1.0,
            "none": 1.0
        },
        "effect_limits": {},
        "effect_limits_perm": {},
        "current_hp": 55,
        "current_shield": 0,
        "current_stagger": 40,
        "current_light": 4,
        "current_speed": 4,
        "offense_level_sources": {
            "base": 42
        },
        "defense_level_sources": {
            "base": 42
        },
        "attackslotchange": 0,
        "used": [],
        "is_active": false,
        "is_staggered": false,
        "staggeredThisTurn": false,
        "PlayerOrEnemy": "Enemy",
        "deploymentOrder": 0
    },
    "Reluctant Quaver Office Fixer 2": {
        "id": 200034,
        "name": "Reluctant Quaver Office Fixer 2",
        "source_file": "data/profiles\\quaverProfile.json",
        "base_hp": 0,
        "hp_increment_by_level": 0,
        "base_stagger": 0,
        "stagger_increment_by_level": 0,
        "base_max_light": 0,
        "base_light_gain": 0,
        "base_page_draw": 0,
        "base_min_speed": 0,
        "base_max_speed": 0,
        "attack_slot": 1,
        "level": 14,
        "base_hp_overwrite": 50,
        "base_stagger_overwrite": 40,
        "base_max_light_overwrite": 4,
        "base_light_gain_overwrite": 1,
        "base_page_draw_overwrite": 2,
        "base_min_speed_overwrite": 2,
        "base_max_speed_overwrite": 7,
        "hidden": [],
        "evade_queue": [],
        "temphidden": [],
        "stats_dict": {
            "str": 10,
            "int": 10,
            "con": 10,
            "cha": 10,
            "dex": 10
        },
        "nextturn": {
            "light": 0
        },
        "buffs": {},
        "passives": [],
        "faction": [
            "Enemy",
            "Quaver Office"
        ],
        "exclude_targets_from_indiscriminate": [],
        "resistances": {
            "slash": 1.0,
            "blunt": 1.5,
            "pierce": 1.0
        },
        "stagger_resistances": {
            "slash": 1.0,
            "blunt": 1.5,
            "pierce": 1.0
        },
        "sin_resistances": {
            "Wrath": 1.0,
            "Lust": 1.0,
            "Sloth": 1.0,
            "Gluttony": 1.0,
            "Gloom": 1.0,
            "Pride": 1.0,
            "Envy": 1.0,
            "white": 1.0,
            "black": 1.0,
            "none": 1.0
        },
        "deck": {
            "Malfunction": {
                "cost": 4,
                "amount": 1
            },
            "Invigorate": {
                "cost": 1,
                "amount": 2
            },
            "Overwhelming": {
                "cost": 2,
                "amount": 2
            },
            "Cranium Crusher": {
                "cost": 2,
                "amount": 2
            },
            "Vibrating Fist": {
                "cost": 1,
                "amount": 2
            }
        },
        "hand": {},
        "original_resistances": {
            "slash": 1.0,
            "blunt": 1.5,
            "pierce": 1.0
        },
        "original_sin_resistances": {
            "Wrath": 1.0,
            "Lust": 1.0,
            "Sloth": 1.0,
            "Gluttony": 1.0,
            "Gloom": 1.0,
            "Pride": 1.0,
            "Envy": 1.0,
            "white": 1.0,
            "black": 1.0,
            "none": 1.0
        },
        "effect_limits": {},
        "effect_limits_perm": {},
        "current_hp": 50,
        "current_shield": 0,
        "current_stagger": 40,
        "current_light": 4,
        "current_speed": 4,
        "offense_level_sources": {
            "base": 42
        },
        "defense_level_sources": {
            "base": 42
        },
        "attackslotchange": 0,
        "used": [],
        "is_active": false,
        "is_staggered": false,
        "staggeredThisTurn": false,
        "PlayerOrEnemy": "Enemy",
        "deploymentOrder": 0
    }
}