{
    "Refracted The Queen's Butcher": {
        "id": 200035,
        "name": "Refracted The Queen's Butcher",
        "source_file": "data/profiles\\queenChefs.json",
        "base_hp": 20,
        "hp_increment_by_level": 2,
        "base_stagger": 15,
        "stagger_increment_by_level": 1,
        "base_max_light": 2,
        "base_light_gain": 1,
        "base_page_draw": 1,
        "base_min_speed": 1,
        "base_max_speed": 2,
        "attack_slot": 1,
        "level": 13,
        "base_hp_overwrite": 0,
        "base_stagger_overwrite": 0,
        "base_max_light_overwrite": 0,
        "base_light_gain_overwrite": 0,
        "base_page_draw_overwrite": 0,
        "base_min_speed_overwrite": 0,
        "base_max_speed_overwrite": 0,
        "hidden": [],
        "evade_queue": [],
        "temphidden": [],
        "stats_dict": {
            "str": 14,
            "int": 12,
            "con": 14,
            "cha": 12,
            "dex": 16
        },
        "nextturn": {
            "light": 0
        },
        "buffs": {},
        "passives": [],
        "faction": [
            "Enemy",
            "The Queen's Empty Kingdom"
        ],
        "exclude_targets_from_indiscriminate": [],
        "resistances": {
            "slash": 1.5,
            "blunt": 1.0,
            "pierce": 1.0
        },
        "stagger_resistances": {
            "slash": 2.0,
            "blunt": 1.0,
            "pierce": 1.0
        },
        "sin_resistances": {
            "Wrath": 1.2000000000000002,
            "Lust": 1.0,
            "Sloth": 1.0,
            "Gluttony": 1.0,
            "Gloom": 1.0,
            "Pride": 1.0,
            "Envy": 1.0,
            "White": 1.0,
            "Black": 1.0,
            "none": 1.0
        },
        "deck": {
            "Butcher Cleave": {
                "cost": 0,
                "amount": 2
            },
            "Unadulterated Slaughter": {
                "cost": 2,
                "amount": 2
            },
            "Meat Injection": {
                "cost": 2,
                "amount": 1
            },
            "Moisture Retention": {
                "cost": 1,
                "amount": 1
            },
            "Pride as a Chef": {
                "cost": 1,
                "amount": 3
            }
        },
        "hand": {},
        "original_resistances": {
            "slash": 1.5,
            "blunt": 1.0,
            "pierce": 1.0
        },
        "original_sin_resistances": {
            "Wrath": 1.2000000000000002,
            "Lust": 1.0,
            "Sloth": 1.0,
            "Gluttony": 1.0,
            "Gloom": 1.0,
            "Pride": 1.0,
            "Envy": 1.0,
            "White": 1.0,
            "Black": 1.0,
            "none": 1.0
        },
        "effect_limits": {},
        "effect_limits_perm": {},
        "current_hp": 72,
        "current_shield": 0,
        "current_stagger": 54,
        "current_light": 4,
        "current_speed": 6,
        "offense_level_sources": {
            "base": 39
        },
        "defense_level_sources": {
            "base": 39
        },
        "attackslotchange": 0,
        "used": [],
        "is_active": false,
        "is_staggered": false,
        "staggeredThisTurn": false,
        "PlayerOrEnemy": "Enemy",
        "deploymentOrder": 0
    },
    "Refracted The Queen's Chef": {
        "id": 200035,
        "name": "Refracted The Queen's Chef",
        "source_file": "data/profiles\\queenChefs.json",
        "base_hp": 20,
        "hp_increment_by_level": 2,
        "base_stagger": 15,
        "stagger_increment_by_level": 1,
        "base_max_light": 2,
        "base_light_gain": 1,
        "base_page_draw": 1,
        "base_min_speed": 1,
        "base_max_speed": 2,
        "attack_slot": 1,
        "level": 13,
        "base_hp_overwrite": 0,
        "base_stagger_overwrite": 0,
        "base_max_light_overwrite": 0,
        "base_light_gain_overwrite": 0,
        "base_page_draw_overwrite": 0,
        "base_min_speed_overwrite": 0,
        "base_max_speed_overwrite": 0,
        "hidden": [],
        "evade_queue": [],
        "temphidden": [],
        "stats_dict": {
            "str": 14,
            "int": 12,
            "con": 14,
            "cha": 12,
            "dex": 16
        },
        "nextturn": {
            "light": 0
        },
        "buffs": {},
        "passives": [],
        "faction": [
            "Enemy",
            "The Queen's Empty Kingdom"
        ],
        "exclude_targets_from_indiscriminate": [],
        "resistances": {
            "slash": 1.5,
            "blunt": 1.0,
            "pierce": 1.0
        },
        "stagger_resistances": {
            "slash": 2.0,
            "blunt": 1.0,
            "pierce": 1.0
        },
        "sin_resistances": {
            "Wrath": 1.0,
            "Lust": 1.0,
            "Sloth": 1.0,
            "Gluttony": 1.0,
            "Gloom": 1.0,
            "Pride": 1.0,
            "Envy": 1.0,
            "White": 1.0,
            "Black": 1.0,
            "none": 1.0
        },
        "deck": {
            "Butcher Cleave": {
                "cost": 0,
                "amount": 2
            },
            "Unadulterated Slaughter": {
                "cost": 2,
                "amount": 2
            },
            "Meat Injection": {
                "cost": 2,
                "amount": 1
            },
            "Moisture Retention": {
                "cost": 1,
                "amount": 1
            },
            "Pride as a Chef": {
                "cost": 1,
                "amount": 3
            }
        },
        "hand": {},
        "original_resistances": {
            "slash": 1.5,
            "blunt": 1.0,
            "pierce": 1.0
        },
        "original_sin_resistances": {
            "Wrath": 1.0,
            "Lust": 1.0,
            "Sloth": 1.0,
            "Gluttony": 1.0,
            "Gloom": 1.0,
            "Pride": 1.0,
            "Envy": 1.0,
            "White": 1.0,
            "Black": 1.0,
            "none": 1.0
        },
        "effect_limits": {},
        "effect_limits_perm": {},
        "current_hp": 72,
        "current_shield": 0,
        "current_stagger": 54,
        "current_light": 4,
        "current_speed": 5,
        "offense_level_sources": {
            "base": 39
        },
        "defense_level_sources": {
            "base": 39
        },
        "attackslotchange": 0,
        "used": [],
        "is_active": false,
        "is_staggered": false,
        "staggeredThisTurn": false,
        "PlayerOrEnemy": "Enemy",
        "deploymentOrder": 0
    }
}