{
    "Garamund": {
        "ahn": 644775,
        "pages": [],
        "equipped": [
            "Hook In",
            "Hook In",
            "Hook In",
            "Tear Into Them",
            "Cross Em Out",
            "Flesh Diggin’",
            "Lazy Jackasses",
            "Yawn…. This Mission Kinda Sucks",
            "Run Away, Then Dig In"
        ],
        "owner_id": 991718954164817921,
        "debt": 0,
        "lunacy": 276.0,
        "passives": [],
        "equippedpas": [
            "I’m Bout To Go Wild!"
        ],
        "maxpascost": 9,
        "currentpascost": 2
    },
    "Jeremy": {
        "ahn": 678000,
        "pages": [
            "Through the Night"
        ],
        "equipped": [
            "Nightlong",
            "Nightlong",
            "Lunge Through",
            "Lunge Through",
            "Through the Night",
            "Exploit Shortcomings",
            "Silent Strikes",
            "Dustlunge",
            "Kick Feint"
        ],
        "owner_id": 681886627429089339,
        "debt": 0,
        "lunacy": 54.0,
        "passives": [],
        "equippedpas": [
            "Unseen Threat"
        ],
        "maxpascost": 9,
        "currentpascost": 4,
        "tag": "Nightlong Office Section 5"
    },
    "Bankvorce": {
        "ahn": 2938013818974978934892347239846841844,
        "pages": [
            "Multi-Block",
            "Swiftstrike",
            "Weakness",
            "Quickness",
            "Bat Parry",
            "Cranium Crusher",
            "Vibrating Fist",
            "Sneak Attack",
            "Torn Copy of 'DIE DIE DIE'",
            "Barbed Strikes",
            "Invigorate",
            "Bat Bash",
            "Rupturing Strikes",
            "Preemptive Strike",
            "Overwhelming",
            "Multi-Block",
            "Swiftstrike",
            "Weakness",
            "Quickness",
            "Bat Parry",
            "Cranium Crusher",
            "Vibrating Fist",
            "Sneak Attack",
            "Torn Copy of 'DIE DIE DIE'",
            "Barbed Strikes",
            "Invigorate",
            "Bleeding Strikes",
            "Bat Bash",
            "Rupturing Strikes",
            "Preemptive Strike",
            "Overwhelming"
        ],
        "equipped": [],
        "owner_id": 991718954164817921,
        "lunacy": 1717.0,
        "passives": [],
        "equippedpas": [],
        "maxpascost": 9,
        "currentpascost": 0
    },
    "Mayu": {
        "ahn": 1066651.5,
        "pages": [
            "Overwhelming",
            "Butcher Cleave",
            "Vibrating Fist",
            "Bat Parry",
            "Bat Bash",
            "Unadulterated Slaughter",
            "Circuits Unsundered",
            "Overcharger",
            "Overcharger",
            "Pride as a Chef",
            "The Warmup",
            "This Will Be Easy",
            "Burn Up",
            "Bleeding Strikes",
            "Musket Fire",
            "Time for a Little Test",
            "Pride as a Chef",
            "Headband Toss",
            "It's time to get SERIOUS",
            "Headband Toss",
            "Volley of Arrows",
            "Rupturing Strikes",
            "Tendon Piercer",
            "Frantic Maelstrom",
            "Torn Copy of 'DIE DIE DIE'",
            "Bloodlusted Massacre",
            "Pride as a Chef",
            "Goin’ First",
            "Engulf",
            "Commandeering",
            "Quiver Smack",
            "Struggle",
            "Fistful O Buckshot",
            "Quiver Smack",
            "Drawstring",
            "Pride as a Chef",
            "Bat Parry",
            "Barbed Strikes",
            "Unadulterated Slaughter",
            "Swiftstrike",
            "Bat Bash",
            "Disciplined Block and Pierce [盾穿衡]",
            "Gut-harvesting",
            "Gut-harvesting",
            "Invigorate",
            "Silent Strikes",
            "Makeshift Blitz",
            "Draw of the Sword - Vaiśravaṇa Style [切れ]",
            "Disciplined Block and Pierce [盾穿衡]",
            "Three Step Slashing [三斬律]",
            "Ready for Duel [一騎打ち]",
            "Storm of Strikes [疾風斬]",
            "Two Guard [双守]",
            "Flesh Diggin’",
            "Overheating",
            "Warm Embrace",
            "Firewall",
            "Load em Up",
            "Cross Em Out",
            "Rifle Puncture",
            "Fists Of Strife",
            "Drawstring",
            "Quiver Smack",
            "Death From Above",
            "Dustlunge",
            "Lunge Through",
            "Kick Feint",
            "Through the Night",
            "Riddle Holes [刺す]",
            "Exploit Shortcomings",
            "Feel The Blazing Vibrations!!",
            "Order Fire",
            "Data Collection",
            "Suppressing Volley",
            "Ferrous Guard",
            "Rifle Puncture",
            "Tear Into Them",
            "Musket Fire",
            "Calculate",
            "Empty Calculations",
            "To Safeguard The Future…",
            "01101000 01100101 01101100 01110000",
            "Tear and Pierce",
            "Skillful Prediction",
            "There Is No Coincidence",
            "Crafty Cleavers",
            "Your Shield",
            "Smackdown",
            "D-dried Up",
            "Dark Feathers",
            "Unrestricted Outburst",
            "Shielded Suppressing",
            "Yurodiviye Virtues: Keenness (Острота)",
            "Fade Slash [残影斩]",
            "Combat Preparation",
            "Aegis Unit - Charging Procedure",
            "Yurodiviye Virtues: Guts (Кишки)",
            "Yurodiviye Virtues: Influence (Влияние)",
            "Smackdown",
            "Hook In",
            "Yurodiviye Virtues: Knowledge (Знание)",
            "Yurodiviye Virtues: Influence (Влияние)",
            "Yurodiviye Virtues: Knowledge (Знание)",
            "Smackdown",
            "Avert",
            "Firefist",
            "Ashes to Ashes",
            "Heating Up",
            "Unleashing Fuel Restrictions!!",
            "Overheating",
            "Set Fire",
            "Every Last Drop",
            "Draw of the Sword - Vaiśravaṇa Style [切れ]",
            "KILL THEM ALL!",
            "Fence"
        ],
        "equipped": [
            "Kinetic Energy Absorption",
            "Synergetic Superpower",
            "Yurodiviye Virtues: Perseverance (Упорство)",
            "Yurodiviye Virtues: Knowledge (Знание)",
            "Yurodiviye Virtues: Influence (Влияние)",
            "YAGAWT",
            "Run Away, Then Dig In",
            "For the Betterment of Humanity",
            "Silent Strikes"
        ],
        "owner_id": 296378053016420352,
        "debt": 0,
        "credit": 100,
        "lunacy": 26203.0,
        "passives": [
            "The Way of Serene Discipline [静律道]",
            "Burning Fists",
            "None Left Behind",
            "First Impressions [頼む]",
            "Accursed Blade - Untrained [悪魔祓い]",
            "Short Ammo Magazine",
            "Oh Fuck",
            "Full Throttle",
            "Nuthin’s As Thick As Blood",
            "Reshuffle",
            "Parasitic Sanctimony",
            "Imperfect Battery",
            "Accurate Slice",
            "Minimum Offense",
            "Ready Quiver",
            "Scorching Passion"
        ],
        "equippedpas": [
            "Synergy",
            "All Natural Fuel",
            "Complete Drive",
            "Keeping In Stride",
            "Bloodtainted Hooks"
        ],
        "maxpascost": 9,
        "currentpascost": 13,
        "tag": "Zwei Association Section 3 Acting Supervisor"
    },
    "Lenore": {
        "ahn": 1584206.0,
        "pages": [
            "Vibrating Fist",
            "Bat Parry",
            "Multi-Block",
            "Cranium Crusher",
            "Pride as a Chef",
            "Pride as a Chef",
            "Unadulterated Slaughter",
            "Bat Parry",
            "Bat Parry",
            "Torn Copy of 'DIE DIE DIE'",
            "Bat Bash",
            "Load em Up",
            "Martial Scuffle",
            "Martial Scuffle",
            "Headband Toss",
            "Headband Toss",
            "Headband Toss",
            "Headband Toss",
            "Order Fire",
            "Order Fire",
            "Ferrous Guard",
            "It's time to get SERIOUS",
            "It's time to get SERIOUS",
            "COUP DE GRACE",
            "Judo Flip",
            "Judo Flip",
            "Powered in his Likeship",
            "Powered in his Likeship",
            "Powered in his Likeship",
            "Deceitful Brawl",
            "Deceitful Brawl",
            "Makeshift Blitz",
            "Dynamite Rave",
            "Overcharger",
            "Overcharger",
            "Makeshift Blitz",
            "Order Fire",
            "Order Fire",
            "This Will Be Easy",
            "This Will Be Easy",
            "Kick Feint",
            "Kick Feint",
            "YAGAWT",
            "Invigorate",
            "Invigorate",
            "Barbed Strikes",
            "Tendon Piercer",
            "Tendon Piercer",
            "Through the Night",
            "Through the Night",
            "Nightlong",
            "Wait For It",
            "Blazing Power",
            "Disciplined Block and Pierce [盾穿衡]",
            "Three Step Slashing [三斬律]",
            "Silent Strikes",
            "Quiver Smack",
            "Quiver Smack",
            "Quiver Smack",
            "Draw of the Sword - Vaiśravaṇa Style [切れ]",
            "Draw of the Sword - Vaiśravaṇa Style [切れ]",
            "Frantic Maelstrom",
            "Frantic Maelstrom",
            "Death From Above",
            "Heating Up"
        ],
        "equipped": [
            "Ashes to Ashes",
            "Overheating",
            "Firefist",
            "Firefist",
            "Unleashing Fuel Restrictions!!",
            "Unleashing Fuel Restrictions!!",
            "Firewall",
            "Heating Up",
            "Every Last Drop"
        ],
        "owner_id": 952246430364491796,
        "lunacy": 30573.0,
        "passives": [
            "Short Ammo Magazine",
            "Ready Quiver",
            "None Left Behind",
            "Bloodtainted Hooks"
        ],
        "equippedpas": [
            "Burning Fists",
            "All Natural Fuel",
            "Scorching Passion"
        ],
        "maxpascost": 9,
        "currentpascost": 9
    },
    "Nabi": {
        "ahn": 1579446.0,
        "pages": [
            "Unadulurated Slaughter",
            "Pride as a Chef",
            "Tendon Piercer",
            "Drawstring",
            "Volley of Arrows",
            "Dustlunge",
            "Dustlunge",
            "Lunge Through",
            "Blazing Power",
            "Firefist",
            "Firefist",
            "Silent Strikes",
            "Three Step Slashing [三斬律]",
            "Storm of Strikes [疾風斬]"
        ],
        "equipped": [
            "Diagonal Rend [倍増]",
            "Draw of the Sword - Vaiśravaṇa Style [切れ]",
            "Draw of the Sword - Vaiśravaṇa Style [切れ]",
            "Draw of the Sword - Vaiśravaṇa Style [切れ]",
            "One Guard [奥深い]",
            "One Guard [奥深い]",
            "Ready for Duel [一騎打ち]",
            "Riddle Holes [刺す]",
            "Redirection"
        ],
        "owner_id": 786263976489123841,
        "lunacy": 32512.0,
        "passives": [],
        "equippedpas": [
            "Accursed Blade - Untrained [悪魔祓い]",
            "First Impressions [頼む]",
            "Accurate Slice"
        ],
        "maxpascost": 9,
        "currentpascost": 9
    },
    "Jonathan": {
        "ahn": 941292.0,
        "pages": [
            "Multi-Block",
            "Rupturing Strikes",
            "Sneak Attack",
            "Sneak Attack",
            "Butcher Cleave",
            "Butcher Cleave",
            "Multi-Block",
            "Rupturing Strikes",
            "Meat Injection",
            "Bleeding Strikes",
            "Weakness",
            "Weakness",
            "Pride as a Chef",
            "Barbed Strikes",
            "Pride as a Chef",
            "Bat Bash",
            "Unadulterated Slaughter",
            "Barbed Strikes",
            "Torn Copy of 'DIE DIE DIE'",
            "Traces of Heat",
            "Traces of Heat",
            "Bat Bash",
            "Bat Bash",
            "Preemptive Strike",
            "Quickness",
            "Quickness",
            "Headband Toss",
            "Headband Toss",
            "Traces of Heat",
            "Traces of Heat",
            "Awful Contemplation",
            "Awful Contemplation",
            "Goin’ First",
            "Goin’ First",
            "Martial Scuffle",
            "Martial Scuffle",
            "Traces of Heat",
            "Fierce Flames",
            "Burn Up",
            "This Will Be Easy",
            "This Will Be Easy",
            "Activated Combustion",
            "Vibrating Fist",
            "Fierce Flames",
            "Fierce Flames",
            "Engulf",
            "Burn Up",
            "Burn Up",
            "Redirection",
            "Redirection",
            "This Will Be Easy",
            "This Will Be Easy",
            "Riddle Holes [刺す]",
            "Riddle Holes [刺す]",
            "YAGAWT",
            "YAGAWT",
            "Swiftstrike",
            "Draw of the Sword - Vaiśravaṇa Style [切れ]",
            "Draw of the Sword - Vaiśravaṇa Style [切れ]",
            "Powered in his Likeship",
            "Powered in his Likeship",
            "Time for a Little Test",
            "Time for a Little Test",
            "Goin’ First",
            "Goin’ First",
            "Deceitful Brawl",
            "Deceitful Brawl",
            "Load em Up",
            "Load em Up",
            "Fistful O Buckshot",
            "Fierce Flames",
            "Overheating",
            "Fierce Flames",
            "Engulf",
            "Warm Embrace",
            "Warm Embrace",
            "Burn Up",
            "Burn Up",
            "Ashes to Ashes",
            "Overcharger",
            "Overcharger",
            "Makeshift Blitz",
            "Makeshift Blitz",
            "Circuits Unsundered",
            "D-dried Up",
            "Faulty Equipment",
            "Faulty Equipment",
            "Tendon Piercer",
            "Tendon Piercer",
            "Quiver Smack",
            "Quiver Smack",
            "Quiver Smack",
            "Frantic Maelstrom",
            "Frantic Maelstrom",
            "Drawstring",
            "Drawstring",
            "Drawstring",
            "Vibrating Fist",
            "Feel The Blazing Vibrations!!",
            "Order Fire",
            "Musket Fire",
            "Nightlong",
            "Through the Night",
            "Lunge Through",
            "Musket Fire",
            "Three Step Slashing [三斬律]",
            "Three Step Slashing [三斬律]",
            "Rifle Puncture",
            "Rifle Puncture",
            "Suppressing Volley",
            "Smackdown",
            "Smackdown",
            "Ferrous Guard",
            "Ferrous Guard",
            "Smackdown",
            "Rifle Puncture",
            "Gather Intel",
            "Gather Intel",
            "Unleashing Fuel Restrictions!!",
            "Heating Up",
            "Yawn…. This Mission Kinda Sucks",
            "Cross Em Out",
            "Hook In",
            "Bat Parry",
            "Bat Parry",
            "Swiftblock",
            "Swiftblock",
            "Swiftblock",
            "Fence",
            "Silent Strikes",
            "Wait For It",
            "Wait For It",
            "Set Fire",
            "Firewall",
            "Every Last Drop",
            "Every Last Drop",
            "Spreading Heat",
            "Flamethrower",
            "Yurodiviye Virtues: Perseverance (Упорство)",
            "Yurodiviye Virtues: Influence (Влияние)",
            "Yurodiviye Virtues: Influence (Влияние)",
            "01101000 01100101 01101100 01110000",
            "Skillful Prediction",
            "Calculate",
            "Aegis Unit - Self-Defense Maneuvers",
            "Aegis Unit - Energy Shield Bash",
            "Aegis Unit - Immobilize Target",
            "Aegis Unit - Deploy Energy Shield",
            "Firewall",
            "Unleashing Fuel Restrictions!!",
            "Heating Up",
            "Spreading Heat",
            "Flamethrower",
            "Ashes to Ashes",
            "Overheating",
            "Firefist",
            "Engulf",
            "01101000 01100101 01101100 01110000",
            "Yurodiviye Virtues: Perseverance (Упорство)",
            "Shielded Suppressing",
            "Aegis Unit - Immobilize Target",
            "Aegis Unit - Sentry Duty",
            "Calculate",
            "D-dried Up",
            "Aegis Unit - Energy Shield Bash",
            "Aegis Unit - Charging Procedure",
            "Aegis Unit - Deploy Energy Shield",
            "Shielded Suppressing",
            "Blade Whirl",
            "Fade Slash [残影斩]",
            "Liberating Volley",
            "One Tap",
            "Avert",
            "Volley of Arrows"
        ],
        "equipped": [
            "Aegis Unit - Self-Defense Maneuvers",
            "Skillful Prediction",
            "Aegis Unit - Sentry Duty",
            "Aegis Unit - Charging Procedure",
            "Combat Preparation",
            "Silent Strikes",
            "Fence",
            "The Lord’s Loyal Hound",
            "Avert"
        ],
        "owner_id": 744293019901231158,
        "debt": 0,
        "credit": 900,
        "lunacy": 28949.0,
        "passives": [
            "Accurate Slice",
            "Reshuffle",
            "Gluttonous Exploitation",
            "All Natural Fuel",
            "Burning Fists",
            "Scorching Passion",
            "Trailblazer",
            "Oh Fuck",
            "Reaction Force"
        ],
        "equippedpas": [
            "Complete Drive",
            "Full Throttle",
            "Synergy"
        ],
        "maxpascost": 9,
        "currentpascost": 11,
        "tag": "Zwei Association Section 3 Acting Supervisor"
    },
    "Cass": {
        "ahn": 2675032.0,
        "pages": [
            "Butcher Cleave",
            "Pride as a Chef",
            "Bat Bash",
            "Bat Bash",
            "Bat Bash",
            "Pride as a Chef",
            "Warm Embrace",
            "Headband Toss",
            "Quickness",
            "Headband Toss",
            "Moisture Retention",
            "Quickness",
            "Moisture Retention",
            "Headband Toss",
            "Quickness",
            "Draw of the Sword - Vaiśravaṇa Style [切れ]",
            "Draw of the Sword - Vaiśravaṇa Style [切れ]",
            "Draw of the Sword - Vaiśravaṇa Style [切れ]",
            "Powered in his Likeship",
            "Powered in his Likeship",
            "Swiftstrike",
            "Swiftstrike",
            "Torn Copy of 'DIE DIE DIE'",
            "Bat Parry",
            "Bat Parry",
            "Bat Parry",
            "Overcharger",
            "Faulty Equipment",
            "Musket Fire",
            "Quiver Smack",
            "Quiver Smack",
            "Quiver Smack",
            "Makeshift Blitz",
            "Circuits Unsundered",
            "This Will Be Easy",
            "Faulty Equipment",
            "Overcharger",
            "D-dried Up",
            "Makeshift Blitz",
            "Tendon Piercer",
            "Drawstring",
            "Quiver Smack",
            "Exploit Shortcomings",
            "Dustlunge",
            "Dustlunge",
            "Makeshift Blitz",
            "Circuits Unsundered",
            "Deceitful Brawl",
            "Dynamite Rave",
            "This Will Be Easy",
            "This Will Be Easy",
            "Faulty Equipment",
            "Overcharger",
            "D-dried Up",
            "Suppressing Volley",
            "Smackdown",
            "Smackdown",
            "Order Fire",
            "Cross Em Out",
            "Flesh Diggin’",
            "Crafty Cleavers",
            "Rifle Puncture",
            "Smackdown",
            "Musket Fire",
            "Musket Fire",
            "Suppressing Volley",
            "Ferrous Guard",
            "Ferrous Guard",
            "Hook In",
            "Rifle Puncture",
            "Yurodiviye Virtues: Knowledge (Знание)",
            "Cross Em Out",
            "Lazy Jackasses",
            "Yawn…. This Mission Kinda Sucks",
            "Rifle Puncture",
            "Avert",
            "Your Shield",
            "Shielded Suppressing",
            "Shielded Suppressing",
            "Your Shield",
            "Shielded Suppressing"
        ],
        "equipped": [
            "Crafty Cleavers",
            "Crafty Cleavers",
            "Yurodiviye Virtues: Knowledge (Знание)",
            "Yurodiviye Virtues: Knowledge (Знание)",
            "For the Betterment of Humanity",
            "Hook In",
            "Yurodiviye Virtues: Influence (Влияние)",
            "Yurodiviye Virtues: Influence (Влияние)",
            "Ferrous Guard"
        ],
        "owner_id": 297821915387527168,
        "lunacy": 31981.0,
        "passives": [
            "Reaction Force",
            "Short Ammo Magazine"
        ],
        "equippedpas": [
            "Imperfect Battery",
            "Complete Drive",
            "Reshuffle",
            "Nuthin’s As Thick As Blood"
        ],
        "maxpascost": 9,
        "currentpascost": 13,
        "tag": "Monster Fucker Extraordinaire"
    },
    "Ralph": {
        "ahn": 929021.0,
        "pages": [
            "Sneak Attack",
            "Activated Combustion",
            "Quickness",
            "Multi-Block",
            "Suppressing Volley",
            "Rifle Puncture",
            "Rifle Puncture",
            "Bat Parry",
            "Barbed Strikes",
            "Bat Parry",
            "Barbed Strikes",
            "Torn Copy of 'DIE DIE DIE'",
            "Exploit Shortcomings",
            "Coupled Mutilation",
            "Coupled Mutilation",
            "Demolish",
            "Goin’ First",
            "Goin’ First",
            "Bleeding Strikes",
            "Bat Bash",
            "Bat Parry",
            "Bloodlusted Massacre",
            "Crafty Cleavers",
            "Crafty Cleavers",
            "Crafty Cleavers",
            "Yawn…. This Mission Kinda Sucks",
            "Lazy Jackasses",
            "Rifle Puncture",
            "Yawn…. This Mission Kinda Sucks"
        ],
        "equipped": [
            "D-dried Up",
            "D-dried Up",
            "Hook In",
            "Hook In",
            "Cross Em Out",
            "Tear Into Them",
            "Lazy Jackasses",
            "Yurodiviye Virtues: Guts (Кишки)",
            "Run Away, Then Dig In"
        ],
        "owner_id": 697187778642837615,
        "lunacy": 29325.0,
        "passives": [
            "Full Throttle"
        ],
        "equippedpas": [
            "I’m Bout To Go Wild!",
            "Gashing Wounds",
            "Keeping In Stride",
            "Complete Drive"
        ],
        "maxpascost": 9,
        "currentpascost": 10,
        "debt": 0,
        "credit": 100
    },
    "Isma": {
        "ahn": -11749267.0,
        "pages": [
            "Bat Parry",
            "Load em Up",
            "Load em Up",
            "Headband Toss",
            "Headband Toss",
            "Fistful O Buckshot",
            "The Warmup",
            "Bat Parry",
            "Pride as a Chef",
            "Draw of the Sword - Vaiśravaṇa Style [切れ]",
            "Draw of the Sword - Vaiśravaṇa Style [切れ]",
            "Diagonal Rend [倍増]",
            "Diagonal Rend [倍増]",
            "Ready for Duel [一騎打ち]",
            "Ready for Duel [一騎打ち]",
            "Riddle Holes [刺す]",
            "Diagonal Rend [倍増]"
        ],
        "equipped": [],
        "owner_id": 766780916580220938,
        "debt": 0,
        "credit": 100,
        "lunacy": -358458.0,
        "passives": [],
        "equippedpas": [
            "First Impressions [頼む]"
        ],
        "maxpascost": 9,
        "currentpascost": 4
    },
    "Guy": {
        "ahn": 1774533.0,
        "pages": [
            "Burn Up",
            "Burn Up",
            "Burn Up",
            "Ready for Duel [一騎打ち]",
            "Draw of the Sword - Vaiśravaṇa Style [切れ]",
            "Firefist",
            "Wait For It",
            "Firewall",
            "Storm of Strikes [疾風斬]",
            "Storm of Strikes [疾風斬]",
            "Two Guard [双守]"
        ],
        "equipped": [
            "Draw of the Sword - Vaiśravaṇa Style [切れ]",
            "Draw of the Sword - Vaiśravaṇa Style [切れ]",
            "Beat Em Up",
            "Musket Fire",
            "Rifle Puncture",
            "Rifle Puncture",
            "Suppressing Volley",
            "Load em Up",
            "Fists Of Strife"
        ],
        "owner_id": 591064764248096770,
        "lunacy": 33267.0,
        "passives": [],
        "equippedpas": [],
        "maxpascost": 9,
        "currentpascost": 0
    },
    "Isaac": {
        "ahn": 1175210.4,
        "pages": [
            "Multi-Block",
            "Warm Embrace",
            "Makeshift Blitz",
            "Overcharger",
            "Overcharger",
            "Warm Embrace",
            "Pride as a Chef",
            "Torn Copy of 'DIE DIE DIE'",
            "Bat Parry",
            "Bat Bash",
            "Bat Bash",
            "Barbed Strikes",
            "Pride as a Chef",
            "Pride as a Chef",
            "Headband Toss",
            "Headband Toss",
            "Frantic Maelstrom",
            "Frantic Maelstrom",
            "Moisture Retention",
            "Faulty Equipment",
            "Meat Injection",
            "Struggle",
            "Beat Em Up",
            "Faulty Equipment",
            "Faulty Equipment",
            "Faulty Equipment",
            "Diagonal Rend [倍増]",
            "Diagonal Rend [倍増]",
            "Fists Of Strife",
            "Ready for Duel [一騎打ち]",
            "Musket Fire",
            "Musket Fire",
            "Load em Up",
            "Engulf",
            "Through the Night",
            "Subprimal Finish",
            "This Will Be Easy",
            "Makeshift Blitz",
            "Makeshift Blitz",
            "Circuits Unsundered",
            "This Will Be Easy",
            "Faulty Equipment",
            "Overcharger",
            "Invigorate",
            "Order Fire",
            "Order Fire",
            "Suppressing Volley",
            "Load em Up",
            "YAGAWT",
            "Wait For It",
            "Wait For It",
            "Disciplined Block and Pierce [盾穿衡]",
            "Disciplined Block and Pierce [盾穿衡]",
            "Storm of Strikes [疾風斬]",
            "Beat Em Up",
            "Storm of Strikes [疾風斬]",
            "YAGAWT",
            "Smackdown",
            "Smackdown",
            "Fistful O Buckshot",
            "Ferrous Guard",
            "Rifle Puncture",
            "Rifle Puncture",
            "Firewall",
            "Kick Feint",
            "Three Step Slashing [三斬律]",
            "Nightlong",
            "Cross Em Out",
            "Kick Feint",
            "Overheating",
            "Two Guard [双守]",
            "Three Step Slashing [三斬律]",
            "Quiver Smack",
            "Riddle Holes [刺す]",
            "Lunge Through",
            "Two Guard [双守]",
            "Drawstring",
            "Exploit Shortcomings",
            "Death From Above",
            "Lunge Through",
            "Kick Feint",
            "Yurodiviye Virtues: Keenness (Острота)",
            "Feel The Blazing Vibrations!!",
            "Run Away, Then Dig In",
            "Yawn…. This Mission Kinda Sucks",
            "Cross Em Out",
            "Tear Into Them",
            "Crafty Cleavers",
            "D-dried Up",
            "Run Away, Then Dig In",
            "Rifle Puncture",
            "Smackdown",
            "Flesh Diggin’",
            "Yurodiviye Virtues: Influence (Влияние)",
            "For the Betterment of Humanity",
            "Every Last Drop",
            "Firefist",
            "Your Shield",
            "Shielded Suppressing",
            "Shielded Suppressing",
            "Ashes to Ashes",
            "Overheating",
            "Firefist",
            "Unleashing Fuel Restrictions!!",
            "Firewall",
            "Heating Up",
            "Unleashing Fuel Restrictions!!",
            "Every Last Drop",
            "Firefist",
            "Combat Preparation",
            "Ferrous Guard",
            "Smackdown",
            "Yawn…. This Mission Kinda Sucks",
            "Rifle Puncture",
            "Yurodiviye Virtues: Guts (Кишки)",
            "Combat Preparation",
            "Synergetic Superpower",
            "Kinetic Energy Absorption",
            "Yurodiviye Virtues: Perseverance (Упорство)",
            "Yurodiviye Virtues: Knowledge (Знание)",
            "Run Away, Then Dig In",
            "Silent Strikes",
            "Silent Strikes",
            "Dustlunge",
            "Hook In",
            "Dark Feathers",
            "The Lord’s Loyal Hound",
            "Silent Strikes",
            "Lunge Through"
        ],
        "equipped": [
            "Dark Feathers",
            "The Lord’s Loyal Hound",
            "Lunge Through",
            "Silent Strikes",
            "D-dried Up",
            "Draw of the Sword - Vaiśravaṇa Style [切れ]",
            "KILL THEM ALL!",
            "Unrestricted Outburst",
            "Fence"
        ],
        "owner_id": 286463112855420928,
        "debt": 0,
        "credit": 100,
        "lunacy": 24611.0,
        "passives": [
            "Short Ammo Magazine",
            "Steady As She Goes",
            "Ready Quiver",
            "Accurate Slice",
            "First Impressions [頼む]",
            "Lowstrider",
            "Full Throttle",
            "Reshuffle",
            "Nuthin’s As Thick As Blood",
            "Accursed Blade - Untrained [悪魔祓い]",
            "Burning Fists",
            "Instant Cooking",
            "Scorching Passion",
            "Synergy",
            "All Natural Fuel",
            "Bloodtainted Hooks"
        ],
        "equippedpas": [
            "Complete Drive",
            "Minimum Offense",
            "Keeping In Stride",
            "Best Defense"
        ],
        "maxpascost": 9,
        "currentpascost": 13,
        "tag": "Zwei Association Section 6 Lieutenant"
    },
    "Sunny": {
        "ahn": 1520776.0,
        "pages": [
            "Headband Toss",
            "It's time to get SERIOUS",
            "Headband Toss",
            "Order Fire",
            "Order Fire",
            "Suppressing Volley",
            "Pride as a Chef",
            "Pride as a Chef",
            "Pride as a Chef",
            "Ferrous Guard",
            "Ferrous Guard",
            "Ferrous Guard",
            "It's time to get SERIOUS",
            "Moisture Retention",
            "Judo Flip",
            "Redirection",
            "This Will Be Easy",
            "Commandeering",
            "Redirection",
            "This Will Be Easy",
            "Volley of Arrows",
            "Tendon Piercer",
            "Commandeering",
            "Goin’ First",
            "Goin’ First",
            "Through the Night",
            "Through the Night",
            "Ready for Duel [一騎打ち]",
            "Disciplined Block and Pierce [盾穿衡]",
            "Three Step Slashing [三斬律]",
            "Diagonal Rend [倍増]",
            "Invigorate",
            "Silent Strikes",
            "Tear Into Them",
            "Tear Into Them",
            "Cross Em Out",
            "Headband Toss",
            "Swiftblock",
            "Disciplined Block and Pierce [盾穿衡]",
            "Quiver Smack",
            "Dustlunge",
            "Blank Up",
            "BANG BANG BANG!",
            "Disciplined Block and Pierce [盾穿衡]",
            "Kick Feint",
            "Headband Toss",
            "Swiftstrike",
            "Draw of the Sword - Vaiśravaṇa Style [切れ]",
            "Draw of the Sword - Vaiśravaṇa Style [切れ]",
            "Two Guard [双守]",
            "Storm of Strikes [疾風斬]",
            "Swiftblock",
            "Blade Whirl",
            "Avert",
            "Blade Whirl",
            "Ashes to Ashes",
            "Overheating",
            "Firefist",
            "Firefist",
            "Unleashing Fuel Restrictions!!",
            "Unleashing Fuel Restrictions!!",
            "Firewall",
            "Every Last Drop",
            "Heating Up",
            "Riddle Holes [刺す]",
            "Quiver Smack",
            "Drawstring",
            "Riddle Holes [刺す]",
            "Nightlong",
            "Quiver Smack"
        ],
        "equipped": [
            "Death From Above",
            "Kick Feint",
            "Lunge Through",
            "Lunge Through",
            "Dustlunge",
            "Nightlong",
            "Under The Veil",
            "In The Shadows, We Hunt",
            "Silent Strikes"
        ],
        "owner_id": 1375130091725783150,
        "debt": 0,
        "credit": 100,
        "lunacy": 30829.0,
        "passives": [
            "Instant Cooking",
            "Reaction Force",
            "Accurate Slice",
            "First Impressions [頼む]",
            "All Natural Fuel",
            "Burning Fists",
            "Scorching Passion"
        ],
        "equippedpas": [
            "Accursed Blade - Untrained [悪魔祓い]",
            "Unseen Threat",
            "Lowstrider",
            "None Left Behind"
        ],
        "maxpascost": 9,
        "currentpascost": 12,
        "tag": "Nightlong Office Section 5"
    },
    "Silvie": {
        "ahn": 1164318,
        "pages": [
            "Invigorate",
            "YAGAWT",
            "Draw of the Sword - Vaiśravaṇa Style [切れ]",
            "Ready for Duel [一騎打ち]",
            "Ready for Duel [一騎打ち]",
            "Riddle Holes [刺す]",
            "Smackdown",
            "Disciplined Block and Pierce [盾穿衡]",
            "Storm of Strikes [疾風斬]",
            "Cross Em Out",
            "Tear Into Them",
            "Swiftblock",
            "Storm of Strikes [疾風斬]",
            "Three Step Slashing [三斬律]",
            "Two Guard [双守]",
            "Two Guard [双守]",
            "Silent Strikes",
            "Give Chase [追擊]",
            "Kick Feint",
            "Dustlunge",
            "Quiver Smack",
            "Lunge Through",
            "Death From Above",
            "Exploit Shortcomings",
            "Riddle Holes [刺す]",
            "Drawstring",
            "Deadlock",
            "Run Away, Then Dig In",
            "Deadlock",
            "Interfere",
            "Give Chase [追擊]",
            "Lunge Through",
            "Lord’s Guard",
            "Fade Slash [残影斩]",
            "Avert",
            "Shielded Suppressing",
            "Firefist",
            "Firewall",
            "Avert",
            "Ashes to Ashes",
            "Kinetic Energy Absorption",
            "Heating Up",
            "Unleashing Fuel Restrictions!!",
            "Run Away, Then Dig In",
            "Forward, We March"
        ],
        "equipped": [
            "The Lord’s Loyal Hound",
            "Swiftblock",
            "Avert",
            "Synergetic Superpower",
            "Kinetic Energy Absorption",
            "Combat Preparation",
            "Silent Strikes",
            "Fade Slash [残影斩]",
            "Draw of the Sword - Vaiśravaṇa Style [切れ]"
        ],
        "lunacy": 23784.0,
        "passives": [
            "The Way of Serene Discipline [静律道]",
            "Steady As She Goes",
            "Accurate Slice",
            "Lowstrider",
            "Ready Quiver",
            "Instant Cooking",
            "First Impressions [頼む]",
            "None Left Behind",
            "Trailblazer",
            "Synergy",
            "Complete Drive",
            "Keeping In Stride",
            "Bloodtainted Hooks",
            "Accursed Blade - Untrained [悪魔祓い]"
        ],
        "equippedpas": [
            "All Natural Fuel",
            "Synergy",
            "Complete Drive"
        ],
        "maxpascost": 9,
        "currentpascost": 9,
        "owner_id": 882655111418118185,
        "tag": "Zwei Association Section 3 Acting Supervisor"
    },
    "Desmond": {
        "ahn": 1156952,
        "pages": [
            "Three Step Slashing [三斬律]",
            "Swiftblock",
            "Disciplined Block and Pierce [盾穿衡]",
            "Volley of Arrows",
            "Volley of Arrows",
            "Musket Fire",
            "Kick Feint",
            "Disciplined Block and Pierce [盾穿衡]",
            "Kick Feint",
            "Preparation",
            "Silent Strikes",
            "Storm of Strikes [疾風斬]",
            "Two Guard [双守]",
            "Silent Strikes",
            "Three Step Slashing [三斬律]",
            "Blade Whirl",
            "Your Shield",
            "Shielded Suppressing"
        ],
        "equipped": [
            "Ashes to Ashes",
            "Firefist",
            "Firefist",
            "Unleashing Fuel Restrictions!!",
            "Unleashing Fuel Restrictions!!",
            "Firewall",
            "Heating Up",
            "Every Last Drop",
            "Overheating"
        ],
        "lunacy": 30401.0,
        "passives": [
            "Complete Drive",
            "For Our Office… Firefist Office",
            "Accurate Slice",
            "First Impressions [頼む]"
        ],
        "equippedpas": [
            "Burning Fists",
            "All Natural Fuel",
            "Scorching Passion"
        ],
        "maxpascost": 9,
        "currentpascost": 9,
        "owner_id": 528307714951086081
    },
    "Lucias": {
        "ahn": 1371082,
        "pages": [
            "Headband Toss",
            "Tear Into Them",
            "Cross Em Out",
            "Lazy Jackasses",
            "Barbed Strikes",
            "Swiftblock",
            "Fence",
            "Bat Parry",
            "One Guard [奥深い]",
            "Fence",
            "Tendon Piercer",
            "Tendon Piercer",
            "Silent Strikes",
            "Silent Strikes"
        ],
        "equipped": [
            "Kick Feint",
            "Quiver Smack",
            "Dustlunge",
            "Death From Above",
            "Riddle Holes [刺す]",
            "Drawstring",
            "Exploit Shortcomings",
            "Lunge Through",
            "Lunge Through"
        ],
        "lunacy": 30381.0,
        "passives": [],
        "equippedpas": [
            "Gluttonous Exploitation",
            "The Way of Serene Discipline [静律道]",
            "Lowstrider"
        ],
        "maxpascost": 9,
        "currentpascost": 9,
        "owner_id": 553637450799382559
    },
    "Baru": {
        "ahn": 1000000,
        "pages": [],
        "equipped": [],
        "lunacy": 30381.0,
        "passives": [],
        "equippedpas": [],
        "currentpascost": 0,
        "owner_id": 766780916580220938
    }
}