{
    "turncount": 28,
    "currency": {
        "cost": 0,
        "starlight": 900
    },
    "MDshop": {
        "currentlyselling": [
            "Miniature Telepole",
            "Prophecy of Fire",
            "Hot n Juicy Drumstick",
            "Perversion",
            "Black Belt",
            "Solar Dementia"
        ],
        "cansell": [
            "Clear Mirror, Calm Water",
            "Black Belt",
            "UPS System",
            "Ornamental Horseshoe",
            "Torn Bandolier",
            "Prejudice",
            "Downpour",
            "Patrolling Flashlight",
            "The King's Mask of Wrath",
            "Nebulizer",
            "Blade of the King",
            "Leeches",
            "Solar Dementia",
            "Curriculum Vitae",
            "Grand Welcome",
            "Cigarette Holder",
            "Grotesque Slurry",
            "Phlebotomy Pack",
            "Punctured Memory",
            "Material Interference Force Field",
            "Sundered Memory",
            "Grimy Iron Stake",
            "Efficient Ammo Usage",
            "Gemstone Oscillator",
            "Bloodied Hand",
            "Endorphin Kit",
            "Sour Liquid Aroma",
            "Arrested Hymn",
            "Crushed Memory",
            "Lurid Bandages",
            "Narcotics",
            "Devil's Share",
            "Equalizer",
            "Uncapped Defibrelator",
            "Initiative Generator",
            "Miniature Telepole",
            "Smokes and Wires",
            "Nixie Divergence",
            "Perversion",
            "Prophecy of Fire",
            "Red Tassel",
            "Portable Battery Socket",
            "Melty Eyeball",
            "Discount Card",
            "Scorching Blades",
            "The Green Knight's Girdle",
            "Worn Hilt",
            "Hot n Juicy Drumstick",
            "Executioner's Axe",
            "Yin",
            "Green Spirit",
            "Employee Card",
            "Lunar Memory",
            "Four-leaf Clover",
            "Purple Zippo Lighter",
            "Millarca",
            "Yang",
            "Value Disposal",
            "Emerald Elytra",
            "Backup Ammo Stockpile",
            "Wrist Guards",
            "Bursts",
            "Dry-to-the-Bone Breast",
            "Pendant of Nostalgia",
            "T-1B Octagonal Bolt",
            "Crushing Presence",
            "Through The Dark",
            "Sticky Muck"
        ],
        "sellingamount": 6
    }
}