{
    "Mayu": {
        "Damage Up_stack_change": 20,
        "Damage Up_count_change": 0,
        "RawFuel_stack_change": 35,
        "RawFuel_count_change": 0,
        "Heated_stack_change": -1,
        "Heated_count_change": 0,
        "Ammo_stack_change": 20,
        "Ammo_count_change": 0,
        "ReadyFuel_stack_change": 100,
        "ReadyFuel_count_change": 0,
        "Bleed_stack_change": 0,
        "Bleed_count_change": -1,
        "Clash Power Down_stack_change": 2,
        "Clash Power Down_count_change": 0,
        "Attack Power Up_stack_change": 1,
        "Attack Power Up_count_change": 0,
        "Poise_stack_change": 0,
        "Poise_count_change": -1,
        "critdamagemult": 50,
        "Charge_stack_change": 0,
        "Charge_count_change": -1,
        "lastDiscardedCost": 3,
        "Lights Out_stack_change": -1,
        "Lights Out_count_change": 0,
        "Paralyze_stack_change": -1,
        "Paralyze_count_change": 0,
        "Pierce Fragility_stack_change": 1,
        "Pierce Fragility_count_change": 0
    },
    "Ralph": {
        "Ammo_stack_change": 20,
        "Ammo_count_change": 0
    },
    "Dummy": {
        "Ammo_stack_change": 20,
        "Ammo_count_change": 0,
        "Bleed_stack_change": 2,
        "Bleed_count_change": 0,
        "Tremor_stack_change": 0,
        "Tremor_count_change": -1,
        "Protection_stack_change": 1,
        "Protection_count_change": 0,
        "Defense Level Up_stack_change": 7,
        "Defense Level Up_count_change": 0,
        "Lights Out_stack_change": -1,
        "Lights Out_count_change": 0,
        "Fragile_stack_change": 5,
        "Fragile_count_change": 0,
        "Bind_stack_change": 5,
        "Bind_count_change": 0,
        "Clash Power Down_stack_change": 5,
        "Clash Power Down_count_change": 0
    },
    "InTheShadowsWeHuntCounter": {
        "InTheShadowsWeHuntCounter": 0
    },
    "The Black Silence": {
        "Ammo_stack_change": 20,
        "Ammo_count_change": 0,
        "Clash Power Down_stack_change": 5,
        "Clash Power Down_count_change": 0,
        "Bleed_stack_change": 2,
        "Bleed_count_change": 0,
        "Fragile_stack_change": 5,
        "Fragile_count_change": 0,
        "Bind_stack_change": 5,
        "Bind_count_change": 0,
        "Tremor_stack_change": 0,
        "Tremor_count_change": -1
    },
    "Bloodfeast": {
        "Bloodfeast": 1
    },
    "Synapse": {
        "Clash Power Down_stack_change": 2,
        "Clash Power Down_count_change": 0,
        "Charge_stack_change": 0,
        "Charge_count_change": 14,
        "Defense Power Down_stack_change": 1,
        "Defense Power Down_count_change": 0,
        "Bleed_stack_change": 2,
        "Bleed_count_change": 0,
        "Tremor_stack_change": 0,
        "Tremor_count_change": -1,
        "Fragile_stack_change": 3,
        "Fragile_count_change": 0,
        "Bind_stack_change": 3,
        "Bind_count_change": 0
    },
    "Zwei Assoc. South Sec 6 Fixer 2": {
        "Protection_stack_change": -5,
        "Protection_count_change": 0
    },
    "Merla": {
        "Protection_stack_change": 1,
        "Protection_count_change": 0
    },
    "Zwei Assoc. South Sec 6 Fixer 1": {
        "Protection_stack_change": 1,
        "Protection_count_change": 0
    },
    "Zwei Assoc. South Sec 6 Fixer 4": {
        "Protection_stack_change": 1,
        "Protection_count_change": 0
    },
    "Zwei Assoc. South Sec 6 Fixer 6": {
        "Protection_stack_change": -5,
        "Protection_count_change": 0
    },
    "Relentless Bladesworn Office Fixer 1": {
        "Clash Power Down_stack_change": 2,
        "Clash Power Down_count_change": 0,
        "Poise_stack_change": 3,
        "Poise_count_change": 0,
        "Bleed_stack_change": 0,
        "Bleed_count_change": 3,
        "Tremor_stack_change": 0,
        "Tremor_count_change": -1,
        "Paralyze_stack_change": 2,
        "Paralyze_count_change": 0
    },
    "Trihook Syndicate Member 1": {
        "Rupture_stack_change": 0,
        "Rupture_count_change": -1
    },
    "Cass": {
        "Pierce Fragility_stack_change": 1,
        "Pierce Fragility_count_change": 0,
        "Bind_stack_change": 1,
        "Bind_count_change": 0,
        "Defense Level Down_stack_change": 1,
        "Defense Level Down_count_change": 0,
        "Lights Out_stack_change": -1,
        "Lights Out_count_change": 0,
        "Ammo_stack_change": 20,
        "Ammo_count_change": 0,
        "lastDiscardedCost": 0,
        "Charge_stack_change": 0,
        "Charge_count_change": -1,
        "discardedLastTurn": 1,
        "discardedThisTurn": 1
    },
    "Nightlong Office Fixer 5": {
        "Offense Level Up_stack_change": 0,
        "Offense Level Up_count_change": 0,
        "Lights Out_stack_change": -1,
        "Lights Out_count_change": 0,
        "Ammo_stack_change": 20,
        "Ammo_count_change": 0,
        "Fragile_stack_change": 5,
        "Fragile_count_change": 0,
        "Bind_stack_change": 5,
        "Bind_count_change": 0,
        "Clash Power Down_stack_change": 5,
        "Clash Power Down_count_change": 0
    },
    "LightsOutLocked": {
        "LightsOutLocked": 1
    },
    "Relentless Bladesworn Office Fixer 2": {
        "Lights Out_stack_change": -1,
        "Lights Out_count_change": 0,
        "Ammo_stack_change": 20,
        "Ammo_count_change": 0,
        "Clash Power Down_stack_change": 5,
        "Clash Power Down_count_change": 0,
        "Poise_stack_change": 0,
        "Poise_count_change": 3,
        "Fragile_stack_change": 5,
        "Fragile_count_change": 0,
        "Bind_stack_change": 5,
        "Bind_count_change": 0,
        "Bleed_stack_change": 2,
        "Bleed_count_change": 0,
        "Tremor_stack_change": 0,
        "Tremor_count_change": -1
    },
    "Relentless Bladesworn Office Fixer 3": {
        "Lights Out_stack_change": -1,
        "Lights Out_count_change": 0,
        "Poise_stack_change": 0,
        "Poise_count_change": -1,
        "Ammo_stack_change": 20,
        "Ammo_count_change": 0,
        "Fragile_stack_change": 5,
        "Fragile_count_change": 0,
        "Bind_stack_change": 5,
        "Bind_count_change": 0,
        "Clash Power Down_stack_change": 5,
        "Clash Power Down_count_change": 0
    },
    "Relentless Bladesworn Office Fixer 4": {
        "Lights Out_stack_change": -1,
        "Lights Out_count_change": 0,
        "Poise_stack_change": 3,
        "Poise_count_change": 0,
        "Ammo_stack_change": 20,
        "Ammo_count_change": 0,
        "Fragile_stack_change": 5,
        "Fragile_count_change": 0,
        "Bind_stack_change": 5,
        "Bind_count_change": 0,
        "Clash Power Down_stack_change": 5,
        "Clash Power Down_count_change": 0
    },
    "Nightlong Office Fixer 1": {
        "Lights Out_stack_change": -1,
        "Lights Out_count_change": 0,
        "Bleed_stack_change": 0,
        "Bleed_count_change": 3,
        "Ammo_stack_change": 20,
        "Ammo_count_change": 0,
        "Fragile_stack_change": 5,
        "Fragile_count_change": 0,
        "Bind_stack_change": 5,
        "Bind_count_change": 0,
        "Clash Power Down_stack_change": 5,
        "Clash Power Down_count_change": 0,
        "Offense Level Up_stack_change": 1,
        "Offense Level Up_count_change": 0
    },
    "Nightlong Office Fixer 2": {
        "Lights Out_stack_change": -1,
        "Lights Out_count_change": 0,
        "Ammo_stack_change": 20,
        "Ammo_count_change": 0,
        "Bleed_stack_change": 0,
        "Bleed_count_change": 3,
        "Fragile_stack_change": 5,
        "Fragile_count_change": 0,
        "Bind_stack_change": 5,
        "Bind_count_change": 0,
        "Clash Power Down_stack_change": 5,
        "Clash Power Down_count_change": 0
    },
    "Nightlong Office Fixer 3": {
        "Lights Out_stack_change": -1,
        "Lights Out_count_change": 0,
        "Ammo_stack_change": 20,
        "Ammo_count_change": 0,
        "Fragile_stack_change": 5,
        "Fragile_count_change": 0,
        "Bind_stack_change": 5,
        "Bind_count_change": 0,
        "Clash Power Down_stack_change": 5,
        "Clash Power Down_count_change": 0,
        "Pierce Damage Up_stack_change": 2,
        "Pierce Damage Up_count_change": 0,
        "piercedamageadder": 0
    },
    "Nightlong Office Fixer 4": {
        "Lights Out_stack_change": -1,
        "Lights Out_count_change": 0,
        "Offense Level Up_stack_change": 0,
        "Offense Level Up_count_change": 0,
        "Ammo_stack_change": 20,
        "Ammo_count_change": 0,
        "Fragile_stack_change": 5,
        "Fragile_count_change": 0,
        "Bind_stack_change": 5,
        "Bind_count_change": 0,
        "Clash Power Down_stack_change": 5,
        "Clash Power Down_count_change": 0
    },
    "Nightlong Office Fixer 6": {
        "Lights Out_stack_change": -1,
        "Lights Out_count_change": 0,
        "Offense Level Up_stack_change": 1,
        "Offense Level Up_count_change": 0,
        "ClashWinCounter": 0,
        "Ammo_stack_change": 20,
        "Ammo_count_change": 0,
        "Fragile_stack_change": 5,
        "Fragile_count_change": 0,
        "Bind_stack_change": 5,
        "Bind_count_change": 0,
        "Clash Power Down_stack_change": 5,
        "Clash Power Down_count_change": 0
    },
    "Isaac": {
        "Lights Out_stack_change": -1,
        "Lights Out_count_change": 0,
        "Ammo_stack_change": 20,
        "Ammo_count_change": 0
    },
    "Trihook Syndicate Member 2": {
        "Lights Out_stack_change": -1,
        "Lights Out_count_change": 0,
        "lastDiscardedCost": 0,
        "Ammo_stack_change": 20,
        "Ammo_count_change": 0,
        "discardedLastTurn": 1,
        "Fragile_stack_change": 5,
        "Fragile_count_change": 0,
        "Bind_stack_change": 5,
        "Bind_count_change": 0,
        "Clash Power Down_stack_change": 5,
        "Clash Power Down_count_change": 0
    },
    "Trihook Syndicate Member 3": {
        "Lights Out_stack_change": -1,
        "Lights Out_count_change": 0,
        "Charge_stack_change": 0,
        "Charge_count_change": -1,
        "lastDiscardedCost": 0,
        "Ammo_stack_change": 20,
        "Ammo_count_change": 0,
        "discardedLastTurn": 1,
        "Fragile_stack_change": 5,
        "Fragile_count_change": 0,
        "Bind_stack_change": 5,
        "Bind_count_change": 0,
        "Clash Power Down_stack_change": 5,
        "Clash Power Down_count_change": 0,
        "discardedThisTurn": 2
    },
    "Trihook Syndicate Member 4": {
        "Lights Out_stack_change": -1,
        "Lights Out_count_change": 0,
        "Ammo_stack_change": 20,
        "Ammo_count_change": 0,
        "Fragile_stack_change": 5,
        "Fragile_count_change": 0,
        "Bind_stack_change": 5,
        "Bind_count_change": 0,
        "Clash Power Down_stack_change": 5,
        "Clash Power Down_count_change": 0
    },
    "Trihook Syndicate Member 5": {
        "Lights Out_stack_change": -1,
        "Lights Out_count_change": 0,
        "Ammo_stack_change": 20,
        "Ammo_count_change": 0,
        "Charge_stack_change": 0,
        "Charge_count_change": 1,
        "lastDiscardedCost": 2,
        "Haste_stack_change": 1,
        "Haste_count_change": 0,
        "discardedLastTurn": 1,
        "Fragile_stack_change": 5,
        "Fragile_count_change": 0,
        "Bind_stack_change": 5,
        "Bind_count_change": 0,
        "Clash Power Down_stack_change": 5,
        "Clash Power Down_count_change": 0,
        "discardedThisTurn": 1
    }
}