{
    "Draw of the Sword - Vaiśravaṇa Style [切れ]": {
        "description": "",
        "light_cost": 0,
        "effects": [
            {
                "trigger": "on_use",
                "conditionTarget": "self",
                "modifierTarget": "self",
                "condition": {},
                "get": {},
                "modifiers": {
                    "getbuff": {
                        "Poise": {
                            "count": 3,
                            "nextturn": true
                        }
                    },
                    "gainlightnext": 1
                }
            }
        ],
        "dice": [
            {
                "type": "slash",
                "min": 2,
                "max": 7,
                "sin": "Pride",
                "effects": [
                    {
                        "trigger": "on_hit",
                        "conditionTarget": "self",
                        "modifierTarget": "self",
                        "condition": {},
                        "get": {},
                        "modifiers": {
                            "getbuff": {
                                "Poise": {
                                    "stack": 2
                                }
                            }
                        }
                    }
                ]
            }
        ],
        "pageTagList": [
            "Bleed",
            "Poise"
        ]
    },
    "Riddle Holes [刺す]": {
        "description": "",
        "light_cost": 2,
        "effects": [
            {
                "trigger": "on_use",
                "conditionTarget": "self",
                "modifierTarget": "self",
                "condition": {},
                "get": {},
                "modifiers": {
                    "getbuff": {
                        "Poise": {
                            "stack": 3
                        }
                    }
                }
            },
            {
                "trigger": "on_use",
                "conditionTarget": "self",
                "modifierTarget": "self",
                "condition": {
                    "stack_min": {
                        "buff": "Poise",
                        "value": 5
                    }
                },
                "get": {},
                "modifiers": {
                    "power_bonus": 1
                }
            }
        ],
        "dice": [
            {
                "type": "evade",
                "min": 4,
                "max": 5,
                "sin": "Pride",
                "effects": [
                    {
                        "trigger": "on_evade",
                        "conditionTarget": "self",
                        "modifierTarget": "self",
                        "condition": {},
                        "get": {},
                        "limit_per_turn": 2,
                        "modifiers": {
                            "getbuff": {
                                "Poise": {
                                    "count": 1
                                }
                            }
                        }
                    }
                ]
            },
            {
                "type": "pierce",
                "min": 2,
                "max": 4,
                "sin": "Pride",
                "effects": [
                    {
                        "trigger": "on_hit",
                        "conditionTarget": "self",
                        "modifierTarget": "self",
                        "condition": {},
                        "get": {},
                        "modifiers": {
                            "getbuff": {
                                "Poise": {
                                    "count": 1
                                }
                            }
                        }
                    }
                ]
            },
            {
                "type": "pierce",
                "min": 1,
                "max": 3,
                "sin": "Pride",
                "effects": [
                    {
                        "trigger": "on_hit",
                        "conditionTarget": "self",
                        "modifierTarget": "target",
                        "condition": {},
                        "get": {},
                        "modifiers": {
                            "getbuff": {
                                "Paralyze": {
                                    "stack": 2,
                                    "nextturn": true,
                                    "volatile": true
                                }
                            }
                        }
                    }
                ]
            }
        ],
        "pageTagList": [
            "Paralyze",
            "Bind",
            "Bleed",
            "Poise"
        ],
        "globalpower": [],
        "attackweight": 1
    },
    "Ready for Duel [一騎打ち]": {
        "description": "",
        "light_cost": 2,
        "effects": [
            {
                "trigger": "on_use",
                "conditionTarget": "self",
                "modifierTarget": "self",
                "condition": {
                    "stack_min": {
                        "buff": "Poise",
                        "value": 8
                    }
                },
                "get": {},
                "modifiers": {
                    "power_bonus": 2
                }
            }
        ],
        "dice": [
            {
                "type": "slash",
                "min": 3,
                "max": 5,
                "sin": "Lust",
                "effects": [
                    {
                        "trigger": "on_hit",
                        "conditionTarget": "self",
                        "modifierTarget": "self",
                        "condition": {},
                        "get": {},
                        "modifiers": {
                            "getbuff": {
                                "Poise": {
                                    "stack": 3
                                }
                            }
                        }
                    }
                ]
            },
            {
                "type": "slash",
                "min": 2,
                "max": 5,
                "sin": "Lust",
                "effects": [
                    {
                        "trigger": "on_hit",
                        "conditionTarget": "self",
                        "modifierTarget": "self",
                        "condition": {},
                        "get": {},
                        "modifiers": {
                            "getbuff": {
                                "Poise": {
                                    "count": 2
                                }
                            }
                        }
                    }
                ]
            }
        ],
        "pageTagList": [
            "Poise"
        ],
        "globalpower": [],
        "attackweight": 1
    },
    "Diagonal Rend [倍増]": {
        "description": "",
        "light_cost": 3,
        "effects": [
            {
                "trigger": "on_use",
                "conditionTarget": "self",
                "modifierTarget": "self",
                "condition": {
                    "stack_min": {
                        "buff": "Poise",
                        "value": 8
                    }
                },
                "get": {},
                "modifiers": {
                    "power_bonus": 2
                }
            }
        ],
        "dice": [
            {
                "type": "slash",
                "min": 2,
                "max": 7,
                "sin": "Wrath",
                "effects": [
                    {
                        "trigger": "on_hit",
                        "conditionTarget": "self",
                        "modifierTarget": "self",
                        "condition": {},
                        "get": {},
                        "modifiers": {
                            "getbuff": {
                                "Poise": {
                                    "stack": 3
                                }
                            }
                        }
                    }
                ]
            },
            {
                "type": "slash",
                "min": 1,
                "max": 7,
                "sin": "Wrath",
                "effects": [
                    {
                        "trigger": "on_hit",
                        "conditionTarget": "self",
                        "modifierTarget": "target",
                        "condition": {},
                        "get": {
                            "Poise": {
                                "value": "stack",
                                "mult": 34,
                                "max": 15,
                                "fix": ""
                            }
                        },
                        "foreach": "Poise_stack",
                        "modifiers": {
                            "flatdamage": {
                                "Pride": 1
                            }
                        }
                    }
                ]
            }
        ],
        "globalpower": [],
        "pageTagList": [
            "Poise"
        ]
    },
    "One Guard [奥深い]": {
        "description": "",
        "light_cost": 2,
        "effects": [
            {
                "trigger": "on_use",
                "conditionTarget": "self",
                "modifierTarget": "self",
                "condition": {},
                "get": {
                    "Poise": {
                        "value": "stack",
                        "max": 3,
                        "mult": 20,
                        "fix": ""
                    }
                },
                "foreach": "Poise_stack",
                "modifiers": {
                    "power_bonus": 1
                }
            }
        ],
        "dice": [
            {
                "type": "guard",
                "min": 4,
                "max": 6,
                "sin": "Envy",
                "effects": [
                    {
                        "trigger": "clash_lose",
                        "conditionTarget": "self",
                        "modifierTarget": "self",
                        "condition": {},
                        "get": {},
                        "modifiers": {
                            "getbuff": {
                                "Protection": {
                                    "stack": 2,
                                    "volatile": true
                                }
                            }
                        }
                    }
                ]
            }
        ],
        "globalpower": [],
        "pageTagList": [
            "Poise",
            "Protection"
        ],
        "attackweight": 1
    }
}