{
    "Standby": {
        "description": "",
        "light_cost": 0,
        "effects": [
            {
                "trigger": "on_use",
                "conditionTarget": "self",
                "modifierTarget": "self",
                "condition": {},
                "modifiers": {
                    "gainshield": {
                        "min": 18,
                        "max": 25
                    }
                }
            }
        ],
        "dice": [
            {
                "type": "guard",
                "min": 3,
                "max": 5,
                "sin": "Pride",
                "effects": []
            },
            {
                "type": "guard",
                "min": 3,
                "max": 5,
                "sin": "Pride",
                "effects": []
            }
        ],
        "pageTagList": [],
        "globalpower": [],
        "attackweight": 1
    },
    "Show Your Courage": {
        "description": "",
        "light_cost": 0,
        "effects": [],
        "dice": [
            {
                "type": "slash",
                "min": 5,
                "max": 8,
                "sin": "Pride",
                "effects": [
                    {
                        "trigger": "clash_lose",
                        "conditionTarget": "self",
                        "modifierTarget": "self",
                        "condition": {},
                        "get": {},
                        "modifiers": {
                            "getbuff": {
                                "Wreckage": {
                                    "stack": 1
                                }
                            }
                        }
                    }
                ]
            },
            {
                "type": "slash",
                "min": 5,
                "max": 8,
                "sin": "Pride",
                "effects": [
                    {
                        "trigger": "clash_lose",
                        "conditionTarget": "self",
                        "modifierTarget": "self",
                        "condition": {},
                        "get": {},
                        "modifiers": {
                            "getbuff": {
                                "Wreckage": {
                                    "stack": 1
                                }
                            }
                        }
                    }
                ]
            }
        ],
        "pageTagList": [],
        "globalpower": []
    },
    "Be Upstanding": {
        "description": "",
        "light_cost": 0,
        "effects": [],
        "dice": [
            {
                "type": "slash",
                "min": 1,
                "max": 3,
                "sin": "Wrath",
                "effects": [
                    {
                        "trigger": "clash_lose",
                        "conditionTarget": "self",
                        "modifierTarget": "random2",
                        "condition": {},
                        "get": {},
                        "modifiers": {
                            "getbuff": {
                                "Power Down": {
                                    "stack": 1,
                                    "nextturn": false,
                                    "volatile": true
                                }
                            }
                        }
                    },
                    {
                        "trigger": "clash_lose",
                        "conditionTarget": "self",
                        "modifierTarget": "random2",
                        "condition": {},
                        "get": {},
                        "modifiers": {
                            "getbuff": {
                                "Power Down": {
                                    "stack": 1,
                                    "nextturn": true,
                                    "volatile": true
                                }
                            }
                        }
                    }
                ]
            },
            {
                "type": "slash",
                "min": 1,
                "max": 3,
                "sin": "Wrath",
                "effects": [
                    {
                        "trigger": "clash_lose",
                        "conditionTarget": "self",
                        "modifierTarget": "random2",
                        "condition": {},
                        "get": {},
                        "modifiers": {
                            "getbuff": {
                                "Power Down": {
                                    "stack": 1,
                                    "nextturn": false,
                                    "volatile": true
                                }
                            }
                        }
                    },
                    {
                        "trigger": "clash_lose",
                        "conditionTarget": "self",
                        "modifierTarget": "random2",
                        "condition": {},
                        "get": {},
                        "modifiers": {
                            "getbuff": {
                                "Power Down": {
                                    "stack": 1,
                                    "nextturn": true,
                                    "volatile": true
                                }
                            }
                        }
                    }
                ]
            },
            {
                "type": "slash",
                "min": 1,
                "max": 3,
                "sin": "Wrath",
                "effects": [
                    {
                        "trigger": "clash_lose",
                        "conditionTarget": "self",
                        "modifierTarget": "random2",
                        "condition": {},
                        "get": {},
                        "modifiers": {
                            "getbuff": {
                                "Power Down": {
                                    "stack": 1,
                                    "nextturn": false,
                                    "volatile": true
                                }
                            }
                        }
                    },
                    {
                        "trigger": "clash_lose",
                        "conditionTarget": "self",
                        "modifierTarget": "random2",
                        "condition": {},
                        "get": {},
                        "modifiers": {
                            "getbuff": {
                                "Power Down": {
                                    "stack": 1,
                                    "nextturn": true,
                                    "volatile": true
                                }
                            }
                        }
                    }
                ]
            }
        ],
        "pageTagList": [],
        "globalpower": []
    },
    "Stand Tall": {
        "description": "",
        "attackweight": 3,
        "light_cost": 0,
        "effects": [
            {
                "trigger": "on_use",
                "conditionTarget": "self",
                "modifierTarget": "self",
                "condition": {},
                "get": {},
                "modifiers": {
                    "getbuff": {
                        "Protection": {
                            "stack": 10,
                            "nextturn": false,
                            "volatile": true
                        }
                    }
                }
            },
            {
                "trigger": "on_roll",
                "conditionTarget": "self",
                "modifierTarget": "target",
                "condition": {},
                "get": {},
                "modifiers": {
                    "getbuff": {
                        "DebugStandTall": {
                            "stack": 1,
                            "volatile": true
                        }
                    }
                }
            },
            {
                "trigger": "after_attack",
                "conditionTarget": "self",
                "modifierTarget": "random3",
                "condition": {
                    "storagebox_check": [
                        {
                            "name": "ObligatoryCourageCounter",
                            "valuename": "ObligatoryCourageCounter",
                            "equal": 0
                        }
                    ]
                },
                "get": {},
                "modifiers": {
                    "getbuff": {
                        "Obligatory Courage": {
                            "stack": 1,
                            "nextturn": true,
                            "volatile": false
                        }
                    }
                }
            },
            {
                "trigger": "after_attack",
                "conditionTarget": "self",
                "modifierTarget": "self",
                "condition": {},
                "get": {},
                "modifiers": {
                    "storagebox": [
                        {
                            "name": "ObligatoryCourageCounter",
                            "valuename": "ObligatoryCourageCounter",
                            "value": 0,
                            "mode": "set"
                        }
                    ]
                }
            }
        ],
        "dice": [
            {
                "type": "slash",
                "min": 20,
                "max": 20,
                "sin": "Pride",
                "effects": [
                    {
                        "trigger": "on_hit",
                        "conditionTarget": "self",
                        "modifierTarget": "self",
                        "condition": {},
                        "get": {},
                        "modifiers": {
                            "storagebox": [
                                {
                                    "name": "ObligatoryCourageCounter",
                                    "valuename": "ObligatoryCourageCounter",
                                    "value": 1,
                                    "mode": "set"
                                }
                            ]
                        }
                    },
                    {
                        "trigger": "on_hit",
                        "conditionTarget": "self",
                        "modifierTarget": "target",
                        "condition": {},
                        "get": {
                            "damagedealt": 100
                        },
                        "modifiers": {
                            "recoverhp": "damagedealt",
                            "recoverstagger": "damagedealt"
                        }
                    },
                    {
                        "trigger": "on_hit",
                        "conditionTarget": "self",
                        "modifierTarget": "target",
                        "condition": {},
                        "get": {},
                        "modifiers": {
                            "takehpdamage": 1,
                            "takestaggerdamage": 1
                        }
                    },
                    {
                        "trigger": "on_hit",
                        "conditionTarget": "self",
                        "modifierTarget": "target",
                        "condition": {},
                        "get": {},
                        "modifiers": {
                            "gainlight": -2
                        }
                    },
                    {
                        "trigger": "on_hit",
                        "conditionTarget": "self",
                        "modifierTarget": "target",
                        "condition": {},
                        "get": {},
                        "modifiers": {
                            "getbuff": {
                                "Obligatory Courage": {
                                    "stack": 1,
                                    "nextturn": true,
                                    "volatile": false
                                }
                            }
                        }
                    }
                ]
            },
            {
                "type": "slash",
                "min": 1,
                "max": 1,
                "sin": "Pride",
                "effects": [
                    {
                        "trigger": "on_hit",
                        "conditionTarget": "target",
                        "modifierTarget": "self",
                        "condition": {
                            "light_max": 1,
                            "pageusetype": [
                                "Clash"
                            ]
                        },
                        "get": {},
                        "modifiers": {
                            "power_bonus": 99
                        }
                    }
                ]
            },
            {
                "type": "slash",
                "min": 1,
                "max": 3,
                "sin": "Wrath",
                "effects": [
                    {
                        "trigger": "clash_lose",
                        "conditionTarget": "self",
                        "modifierTarget": "random2",
                        "condition": {},
                        "get": {},
                        "modifiers": {
                            "getbuff": {
                                "Power Down": {
                                    "stack": 1,
                                    "nextturn": false,
                                    "volatile": true
                                }
                            }
                        }
                    },
                    {
                        "trigger": "clash_lose",
                        "conditionTarget": "self",
                        "modifierTarget": "random2",
                        "condition": {},
                        "get": {},
                        "modifiers": {
                            "getbuff": {
                                "Power Down": {
                                    "stack": 1,
                                    "nextturn": true,
                                    "volatile": true
                                }
                            }
                        }
                    }
                ]
            }
        ],
        "pageTagList": [],
        "globalpower": []
    },
    "Behead": {
        "description": "",
        "light_cost": 0,
        "effects": [],
        "dice": [
            {
                "type": "slash",
                "min": 4,
                "max": 9,
                "sin": "Pride",
                "effects": []
            },
            {
                "type": "slash",
                "min": 4,
                "max": 5,
                "sin": "Pride",
                "effects": []
            },
            {
                "type": "slash",
                "min": 3,
                "max": 5,
                "sin": "Pride",
                "effects": []
            }
        ],
        "pageTagList": [],
        "globalpower": []
    },
    "COWARDS!!": {
        "description": "",
        "light_cost": 0,
        "attackweight": 30,
        "effects": [],
        "dice": [
            {
                "type": "slash",
                "min": 20,
                "max": 20,
                "sin": "Pride",
                "effects": [
                    {
                        "trigger": "on_hit",
                        "conditionTarget": "self",
                        "modifierTarget": "target",
                        "condition": {},
                        "get": {
                            "currentMaxHP": 1000
                        },
                        "modifiers": {
                            "flatdamage": {
                                "Pride": "currentMaxHP"
                            }
                        }
                    }
                ]
            }
        ],
        "pageTagList": [],
        "globalpower": []
    },
    "Life for a Daredevil": {
        "description": "",
        "light_cost": 1,
        "effects": [
            {
                "trigger": "on_use",
                "conditionTarget": "self",
                "modifierTarget": "target",
                "condition": {
                    "stack_min": {
                        "buff": "DebugStandTall",
                        "value": 1
                    }
                },
                "modifiers": {
                    "getbuff": {
                        "Power Down": {
                            "stack": 20,
                            "nextturn": false,
                            "volatile": true
                        }
                    }
                }
            },
            {
                "trigger": "after_attack",
                "conditionTarget": "self",
                "modifierTarget": "target",
                "condition": {
                    "stack_min": {
                        "buff": "DebugStandTall",
                        "value": 1
                    }
                },
                "modifiers": {
                    "getbuff": {
                        "Power Down": {
                            "stack": -20,
                            "nextturn": false,
                            "volatile": true
                        }
                    }
                }
            },
            {
                "trigger": "after_attack",
                "conditionTarget": "self",
                "modifierTarget": "self",
                "condition": {
                    "stack_min": {
                        "buff": "DebugStandTall",
                        "value": 1
                    }
                },
                "modifiers": {
                    "getbuff": {
                        "DebugStandTall": {
                            "stack": -20,
                            "volatile": true
                        }
                    }
                }
            }
        ],
        "dice": [
            {
                "type": "guard",
                "min": 1,
                "max": 5,
                "sin": "Pride",
                "effects": []
            },
            {
                "type": "guard",
                "min": 1,
                "max": 5,
                "sin": "Pride",
                "effects": []
            }
        ],
        "pageTagList": [],
        "globalpower": []
    }
}