{
    "Firewall": {
        "description": "",
        "light_cost": 0,
        "effects": [
            {
                "trigger": "on_use",
                "conditionTarget": "self",
                "modifierTarget": "self",
                "condition": {},
                "modifiers": {
                    "gainlight": 1
                }
            }
        ],
        "dice": [
            {
                "type": "guard",
                "min": 3,
                "max": 5,
                "sin": "Sloth",
                "effects": []
            },
            {
                "type": "blunt",
                "min": 2,
                "max": 4,
                "sin": "Sloth",
                "effects": [
                    {
                        "trigger": "on_hit",
                        "conditionTarget": "self",
                        "modifierTarget": "target",
                        "condition": [
                            {
                                "stack_min": {
                                    "buff": "Overheated",
                                    "value": 1
                                }
                            },
                            {
                                "stack_min": {
                                    "buff": "ReadyFuel",
                                    "value": 5
                                }
                            }
                        ],
                        "get": {},
                        "modifiers": {
                            "getbuff": {
                                "Burn": {
                                    "stack": 2
                                }
                            }
                        }
                    },
                    {
                        "trigger": "on_hit",
                        "conditionTarget": "self",
                        "modifierTarget": "self",
                        "condition": [
                            {
                                "stack_min": {
                                    "buff": "Overheated",
                                    "value": 1
                                }
                            },
                            {
                                "stack_min": {
                                    "buff": "ReadyFuel",
                                    "value": 5
                                }
                            }
                        ],
                        "get": {},
                        "modifiers": {
                            "getbuff": {
                                "Burn": {
                                    "stack": 4
                                }
                            }
                        }
                    },
                    {
                        "trigger": "on_hit",
                        "conditionTarget": "self",
                        "modifierTarget": "target",
                        "condition": [
                            {
                                "stack_min": {
                                    "buff": "ReadyFuel",
                                    "value": 5
                                }
                            }
                        ],
                        "get": {},
                        "modifiers": {
                            "getbuff": {
                                "Burn": {
                                    "stack": 2
                                }
                            }
                        }
                    },
                    {
                        "trigger": "on_hit",
                        "conditionTarget": "self",
                        "modifierTarget": "self",
                        "condition": [
                            {
                                "stack_min": {
                                    "buff": "ReadyFuel",
                                    "value": 5
                                }
                            }
                        ],
                        "get": {},
                        "modifiers": {
                            "getbuff": {
                                "ReadyFuel": {
                                    "stack": -5
                                }
                            }
                        }
                    }
                ]
            },
            {
                "type": "guard",
                "min": 3,
                "max": 5,
                "sin": "Sloth",
                "effects": []
            }
        ],
        "pageTagList": [
            "Rupture",
            "Bleed",
            "ReadyFuel",
            "Heated",
            "Overheated",
            "Burn"
        ],
        "attackweight": 1
    },
    "Wait For It": {
        "description": "",
        "light_cost": 0,
        "effects": [],
        "dice": [
            {
                "type": "evade",
                "min": 1,
                "max": 1,
                "sin": "Pride",
                "effects": [
                    {
                        "trigger": "on_failed_evade",
                        "conditionTarget": "self",
                        "modifierTarget": "self",
                        "condition": {},
                        "get": {},
                        "modifiers": {
                            "drawspecific": "Ordered Blazing Power",
                            "forceaction": {
                                "attacker": "modifier_target",
                                "target": "target",
                                "page": "Ordered Blazing Power"
                            }
                        }
                    }
                ]
            }
        ],
        "pageTagList": [
            "Haste"
        ]
    },
    "Heating Up": {
        "description": "",
        "light_cost": 1,
        "effects": [
            {
                "trigger": "on_use",
                "conditionTarget": "self",
                "modifierTarget": "self",
                "condition": {},
                "get": {},
                "modifiers": {
                    "draw": 1
                }
            },
            {
                "trigger": "on_use",
                "conditionTarget": "self",
                "modifierTarget": "self",
                "condition": {
                    "stack_max": {
                        "buff": "Overheated",
                        "value": 1
                    }
                },
                "get": {},
                "modifiers": {
                    "getbuff": {
                        "Heated": {
                            "stack": 3,
                            "nextturn": true
                        }
                    }
                }
            }
        ],
        "dice": [
            {
                "type": "guard",
                "min": 3,
                "max": 7,
                "sin": "Wrath",
                "effects": [
                    {
                        "trigger": "clash_lose",
                        "conditionTarget": "self",
                        "modifierTarget": "target",
                        "condition": {},
                        "get": {},
                        "modifiers": {
                            "getbuff": {
                                "Burn": {
                                    "count": 2
                                }
                            }
                        }
                    }
                ]
            },
            {
                "type": "guard",
                "min": 3,
                "max": 7,
                "sin": "Wrath",
                "effects": [
                    {
                        "trigger": "clash_lose",
                        "conditionTarget": "self",
                        "modifierTarget": "target",
                        "condition": {},
                        "get": {},
                        "modifiers": {
                            "getbuff": {
                                "Burn": {
                                    "stack": 2
                                }
                            }
                        }
                    },
                    {
                        "trigger": "clash_lose",
                        "conditionTarget": "self",
                        "modifierTarget": "target",
                        "condition": {
                            "stack_min": {
                                "buff": "Overheated",
                                "value": 1
                            }
                        },
                        "get": {},
                        "modifiers": {
                            "getbuff": {
                                "Burn": {
                                    "stack": 2
                                }
                            }
                        }
                    },
                    {
                        "trigger": "clash_lose",
                        "conditionTarget": "self",
                        "modifierTarget": "self",
                        "condition": {
                            "stack_min": {
                                "buff": "Overheated",
                                "value": 1
                            }
                        },
                        "get": {},
                        "modifiers": {
                            "getbuff": {
                                "Burn": {
                                    "stack": 4
                                }
                            }
                        }
                    }
                ]
            }
        ],
        "pageTagList": [
            "Poise",
            "Heated",
            "Overheated",
            "Burn"
        ],
        "attackweight": 1
    },
    "Spreading Heat": {
        "description": "",
        "light_cost": 1,
        "effects": [
            {
                "trigger": "on_use",
                "conditionTarget": "self",
                "modifierTarget": "self",
                "condition": {
                    "stack_min": {
                        "buff": "ReadyFuel",
                        "value": 80
                    }
                },
                "get": {},
                "modifiers": {
                    "getbuff": {
                        "ReadyFuel": {
                            "stack": -15
                        }
                    },
                    "power_bonus": 1
                }
            },
            {
                "trigger": "after_attack",
                "conditionTarget": "self",
                "modifierTarget": "self",
                "condition": {},
                "get": {},
                "modifiers": {
                    "storagebox": [
                        {
                            "name": "self",
                            "valuename": "reusecounter",
                            "value": "Delete"
                        }
                    ]
                }
            },
            {
                "trigger": "after_attack",
                "conditionTarget": "self",
                "modifierTarget": "self",
                "condition": {},
                "get": {},
                "modifiers": {
                    "storagebox": [
                        {
                            "name": "self",
                            "valuename": "targetHasBurnCondition",
                            "value": "Delete"
                        }
                    ]
                }
            }
        ],
        "dice": [
            {
                "type": "evade",
                "min": 2,
                "max": 6,
                "sin": "Gloom",
                "effects": [
                    {
                        "trigger": "on_evade",
                        "conditionTarget": "self",
                        "modifierTarget": "random3",
                        "filterfaction": [
                            "OpponentsOnly"
                        ],
                        "condition": [
                            {
                                "stack_min": {
                                    "buff": "Overheated",
                                    "value": 1
                                }
                            },
                            {
                                "stack_min": {
                                    "buff": "ReadyFuel",
                                    "value": 15
                                }
                            }
                        ],
                        "get": {},
                        "modifiers": {
                            "getbuff": {
                                "Burn": {
                                    "stack": 2
                                }
                            }
                        }
                    },
                    {
                        "trigger": "on_evade",
                        "conditionTarget": "self",
                        "modifierTarget": "self",
                        "condition": [
                            {
                                "stack_min": {
                                    "buff": "Overheated",
                                    "value": 1
                                }
                            },
                            {
                                "stack_min": {
                                    "buff": "ReadyFuel",
                                    "value": 15
                                }
                            }
                        ],
                        "get": {},
                        "modifiers": {
                            "getbuff": {
                                "Burn": {
                                    "stack": 4
                                }
                            }
                        }
                    },
                    {
                        "trigger": "on_evade",
                        "conditionTarget": "self",
                        "modifierTarget": "random3",
                        "filterfaction": [
                            "OpponentsOnly"
                        ],
                        "condition": [
                            {
                                "stack_min": {
                                    "buff": "ReadyFuel",
                                    "value": 15
                                }
                            }
                        ],
                        "get": {},
                        "modifiers": {
                            "getbuff": {
                                "Burn": {
                                    "stack": 2
                                }
                            }
                        }
                    },
                    {
                        "trigger": "on_evade",
                        "conditionTarget": "self",
                        "modifierTarget": "self",
                        "condition": [
                            {
                                "stack_min": {
                                    "buff": "ReadyFuel",
                                    "value": 15
                                }
                            }
                        ],
                        "get": {},
                        "modifiers": {
                            "getbuff": {
                                "ReadyFuel": {
                                    "stack": -15
                                }
                            }
                        }
                    }
                ]
            },
            {
                "type": "pierce",
                "min": 3,
                "max": 5,
                "sin": "Gloom",
                "effects": [
                    {
                        "trigger": "on_hit",
                        "conditionTarget": "target",
                        "modifierTarget": "self",
                        "condition": {
                            "stack_min": {
                                "buff": "Burn",
                                "value": 10
                            }
                        },
                        "get": {},
                        "modifiers": {
                            "storagebox": [
                                {
                                    "name": "self",
                                    "valuename": "targetHasBurnCondition",
                                    "value": 1,
                                    "mode": "add"
                                }
                            ]
                        }
                    },
                    {
                        "trigger": "on_hit",
                        "conditionTarget": "self",
                        "modifierTarget": "self",
                        "condition": [
                            {
                                "storagebox_check": [
                                    {
                                        "name": "self",
                                        "valuename": "targetHasBurnCondition",
                                        "min": 1
                                    }
                                ]
                            },
                            {
                                "storagebox_check": [
                                    {
                                        "name": "self",
                                        "valuename": "reusecounter",
                                        "max": 0
                                    }
                                ]
                            }
                        ],
                        "get": {},
                        "modifiers": {
                            "changedice": {
                                "dice": "self",
                                "reuse": 1
                            },
                            "storagebox": [
                                {
                                    "name": "self",
                                    "valuename": "reusecounter",
                                    "value": 1,
                                    "mode": "add"
                                }
                            ]
                        }
                    }
                ]
            }
        ],
        "pageTagList": [
            "Poise",
            "ReadyFuel",
            "Heated",
            "Overheated",
            "Burn"
        ],
        "globalpower": []
    },
    "Every Last Drop": {
        "description": "",
        "light_cost": 2,
        "effects": [],
        "dice": [
            {
                "type": "guard",
                "min": 3,
                "max": 6,
                "sin": "Wrath",
                "effects": [
                    {
                        "trigger": "clash_win",
                        "conditionTarget": "self",
                        "modifierTarget": "self",
                        "condition": {},
                        "get": {},
                        "modifiers": {
                            "getbuff": {
                                "RawFuel": {
                                    "stack": 10
                                }
                            }
                        }
                    }
                ]
            },
            {
                "type": "blunt",
                "min": 3,
                "max": 6,
                "sin": "Wrath",
                "effects": [
                    {
                        "trigger": "clash_win",
                        "conditionTarget": "self",
                        "modifierTarget": "self",
                        "condition": {},
                        "get": {},
                        "modifiers": {
                            "getbuff": {
                                "RawFuel": {
                                    "stack": 10
                                }
                            }
                        }
                    }
                ]
            },
            {
                "type": "blunt",
                "min": 2,
                "max": 6,
                "sin": "Wrath",
                "effects": [
                    {
                        "trigger": "clash_win",
                        "conditionTarget": "self",
                        "modifierTarget": "self",
                        "condition": {},
                        "get": {},
                        "modifiers": {
                            "getbuff": {
                                "RawFuel": {
                                    "stack": 10
                                }
                            }
                        }
                    }
                ]
            }
        ],
        "pageTagList": [
            "Attack Power Up",
            "Power Up",
            "Haste",
            "RawFuel"
        ],
        "attackweight": 1
    },
    "Flamethrower": {
        "description": "",
        "light_cost": 2,
        "effects": [
            {
                "trigger": "on_use",
                "conditionTarget": "self",
                "modifierTarget": "self",
                "condition": {
                    "stack_max": {
                        "buff": "ReadyFuel",
                        "value": 50
                    }
                },
                "get": {},
                "modifiers": {
                    "power_bonus": -2
                }
            }
        ],
        "dice": [
            {
                "type": "blunt",
                "min": 3,
                "max": 6,
                "sin": "Sloth",
                "effects": [
                    {
                        "trigger": "on_hit",
                        "conditionTarget": "self",
                        "modifierTarget": "target",
                        "condition": [
                            {
                                "stack_min": {
                                    "buff": "ReadyFuel",
                                    "value": 15
                                }
                            }
                        ],
                        "get": {},
                        "modifiers": {
                            "getbuff": {
                                "Burn": {
                                    "count": 4
                                }
                            }
                        }
                    },
                    {
                        "trigger": "on_hit",
                        "conditionTarget": "self",
                        "modifierTarget": "self",
                        "condition": [
                            {
                                "stack_min": {
                                    "buff": "ReadyFuel",
                                    "value": 15
                                }
                            }
                        ],
                        "get": {},
                        "modifiers": {
                            "getbuff": {
                                "ReadyFuel": {
                                    "stack": -15
                                }
                            }
                        }
                    }
                ]
            },
            {
                "type": "blunt",
                "min": 3,
                "max": 6,
                "sin": "Sloth",
                "effects": [
                    {
                        "trigger": "on_hit",
                        "conditionTarget": "self",
                        "modifierTarget": "target",
                        "condition": [
                            {
                                "stack_min": {
                                    "buff": "Overheated",
                                    "value": 1
                                }
                            },
                            {
                                "stack_min": {
                                    "buff": "ReadyFuel",
                                    "value": 15
                                }
                            }
                        ],
                        "get": {},
                        "modifiers": {
                            "getbuff": {
                                "Burn": {
                                    "stack": 4
                                }
                            }
                        }
                    },
                    {
                        "trigger": "on_hit",
                        "conditionTarget": "self",
                        "modifierTarget": "self",
                        "condition": [
                            {
                                "stack_min": {
                                    "buff": "Overheated",
                                    "value": 1
                                }
                            },
                            {
                                "stack_min": {
                                    "buff": "ReadyFuel",
                                    "value": 15
                                }
                            }
                        ],
                        "get": {},
                        "modifiers": {
                            "getbuff": {
                                "Burn": {
                                    "stack": 8
                                }
                            }
                        }
                    },
                    {
                        "trigger": "on_hit",
                        "conditionTarget": "self",
                        "modifierTarget": "target",
                        "condition": [
                            {
                                "stack_min": {
                                    "buff": "ReadyFuel",
                                    "value": 15
                                }
                            }
                        ],
                        "get": {},
                        "modifiers": {
                            "getbuff": {
                                "Burn": {
                                    "stack": 4
                                }
                            }
                        }
                    },
                    {
                        "trigger": "on_hit",
                        "conditionTarget": "self",
                        "modifierTarget": "self",
                        "condition": [
                            {
                                "stack_min": {
                                    "buff": "ReadyFuel",
                                    "value": 15
                                }
                            }
                        ],
                        "get": {},
                        "modifiers": {
                            "getbuff": {
                                "ReadyFuel": {
                                    "stack": -15
                                }
                            }
                        }
                    }
                ]
            }
        ],
        "pageTagList": [
            "Attack Power Up",
            "Power Up",
            "Haste",
            "ReadyFuel",
            "Heated",
            "Overheated",
            "Burn"
        ],
        "globalpower": [],
        "attackweight": 1
    },
    "Firefist": {
        "description": "",
        "light_cost": 3,
        "effects": [
            {
                "trigger": "on_use",
                "conditionTarget": "self",
                "modifierTarget": "self",
                "condition": {
                    "stack_min": {
                        "buff": "Overheated",
                        "value": 1
                    }
                },
                "get": {},
                "modifiers": {
                    "power_bonus": 1
                }
            },
            {
                "trigger": "on_hit",
                "conditionTarget": "self",
                "modifierTarget": "self",
                "condition": [
                    {
                        "stack_min": {
                            "buff": "Overheated",
                            "value": 1
                        }
                    }
                ],
                "get": {},
                "modifiers": {
                    "flatdamage": {
                        "blunt": 4
                    }
                }
            }
        ],
        "dice": [
            {
                "type": "blunt",
                "min": 3,
                "max": 7,
                "sin": "Wrath",
                "effects": [
                    {
                        "trigger": "on_hit",
                        "conditionTarget": "self",
                        "modifierTarget": "target",
                        "condition": [
                            {
                                "stack_min": {
                                    "buff": "Overheated",
                                    "value": 1
                                }
                            },
                            {
                                "stack_min": {
                                    "buff": "ReadyFuel",
                                    "value": 10
                                }
                            }
                        ],
                        "get": {},
                        "modifiers": {
                            "getbuff": {
                                "Burn": {
                                    "stack": 3
                                }
                            }
                        }
                    },
                    {
                        "trigger": "on_hit",
                        "conditionTarget": "self",
                        "modifierTarget": "self",
                        "condition": [
                            {
                                "stack_min": {
                                    "buff": "Overheated",
                                    "value": 1
                                }
                            },
                            {
                                "stack_min": {
                                    "buff": "ReadyFuel",
                                    "value": 10
                                }
                            }
                        ],
                        "get": {},
                        "modifiers": {
                            "getbuff": {
                                "Burn": {
                                    "stack": 6
                                }
                            }
                        }
                    },
                    {
                        "trigger": "on_hit",
                        "conditionTarget": "self",
                        "modifierTarget": "target",
                        "condition": [
                            {
                                "stack_min": {
                                    "buff": "ReadyFuel",
                                    "value": 10
                                }
                            }
                        ],
                        "get": {},
                        "modifiers": {
                            "getbuff": {
                                "Burn": {
                                    "stack": 3
                                }
                            }
                        }
                    },
                    {
                        "trigger": "on_hit",
                        "conditionTarget": "self",
                        "modifierTarget": "self",
                        "condition": [
                            {
                                "stack_min": {
                                    "buff": "ReadyFuel",
                                    "value": 10
                                }
                            }
                        ],
                        "get": {},
                        "modifiers": {
                            "getbuff": {
                                "ReadyFuel": {
                                    "stack": -10
                                }
                            }
                        }
                    }
                ]
            },
            {
                "type": "blunt",
                "min": 3,
                "max": 7,
                "sin": "Wrath",
                "effects": [
                    {
                        "trigger": "on_hit",
                        "conditionTarget": "self",
                        "modifierTarget": "target",
                        "condition": [
                            {
                                "stack_min": {
                                    "buff": "Overheated",
                                    "value": 1
                                }
                            },
                            {
                                "stack_min": {
                                    "buff": "ReadyFuel",
                                    "value": 10
                                }
                            }
                        ],
                        "get": {},
                        "modifiers": {
                            "getbuff": {
                                "Burn": {
                                    "stack": 3
                                }
                            }
                        }
                    },
                    {
                        "trigger": "on_hit",
                        "conditionTarget": "self",
                        "modifierTarget": "self",
                        "condition": [
                            {
                                "stack_min": {
                                    "buff": "Overheated",
                                    "value": 1
                                }
                            },
                            {
                                "stack_min": {
                                    "buff": "ReadyFuel",
                                    "value": 10
                                }
                            }
                        ],
                        "get": {},
                        "modifiers": {
                            "getbuff": {
                                "Burn": {
                                    "stack": 6
                                }
                            }
                        }
                    },
                    {
                        "trigger": "on_hit",
                        "conditionTarget": "self",
                        "modifierTarget": "target",
                        "condition": [
                            {
                                "stack_min": {
                                    "buff": "ReadyFuel",
                                    "value": 10
                                }
                            }
                        ],
                        "get": {},
                        "modifiers": {
                            "getbuff": {
                                "Burn": {
                                    "stack": 3
                                }
                            }
                        }
                    },
                    {
                        "trigger": "on_hit",
                        "conditionTarget": "self",
                        "modifierTarget": "self",
                        "condition": [
                            {
                                "stack_min": {
                                    "buff": "ReadyFuel",
                                    "value": 10
                                }
                            }
                        ],
                        "get": {},
                        "modifiers": {
                            "getbuff": {
                                "ReadyFuel": {
                                    "stack": -10
                                }
                            }
                        }
                    }
                ]
            },
            {
                "type": "blunt",
                "min": 2,
                "max": 6,
                "sin": "Wrath",
                "effects": [
                    {
                        "trigger": "on_hit",
                        "conditionTarget": "self",
                        "modifierTarget": "target",
                        "condition": [
                            {
                                "stack_min": {
                                    "buff": "ReadyFuel",
                                    "value": 10
                                }
                            }
                        ],
                        "get": {},
                        "modifiers": {
                            "getbuff": {
                                "Burn": {
                                    "count": 2
                                }
                            }
                        }
                    },
                    {
                        "trigger": "on_hit",
                        "conditionTarget": "self",
                        "modifierTarget": "self",
                        "condition": [
                            {
                                "stack_min": {
                                    "buff": "ReadyFuel",
                                    "value": 10
                                }
                            }
                        ],
                        "get": {},
                        "modifiers": {
                            "getbuff": {
                                "ReadyFuel": {
                                    "stack": -10
                                }
                            }
                        }
                    }
                ]
            }
        ],
        "pageTagList": [
            "Attack Power Up",
            "Power Up",
            "Haste",
            "ReadyFuel",
            "Heated",
            "Overheated",
            "Burn"
        ],
        "globalpower": [],
        "attackweight": 1
    },
    "Unleashing Fuel Restrictions!!": {
        "description": "",
        "light_cost": 0,
        "effects": [
            {
                "trigger": "on_use",
                "conditionTarget": "self",
                "modifierTarget": "self",
                "condition": {
                    "stack_max": {
                        "buff": "Overheated",
                        "value": 1
                    },
                    "stack_min": {
                        "buff": "Heated",
                        "value": 1
                    }
                },
                "get": {},
                "modifiers": {
                    "getbuff": {
                        "Heated": {
                            "stack": -3
                        },
                        "Overheated": {
                            "stack": 3,
                            "nextturn": true
                        }
                    }
                }
            }
        ],
        "dice": [
            {
                "type": "evade",
                "min": 2,
                "max": 9,
                "sin": "Wrath",
                "effects": []
            }
        ],
        "pageTagList": [
            "Poise",
            "Heated",
            "Overheated"
        ],
        "attackweight": 1
    },
    "Blazing Power": {
        "description": "",
        "light_cost": 3,
        "effects": [
            {
                "trigger": "on_use",
                "conditionTarget": "self",
                "modifierTarget": "self",
                "condition": {
                    "stack_min": {
                        "buff": "Overheated",
                        "value": 1
                    }
                },
                "get": {},
                "modifiers": {
                    "power_bonus": 2
                }
            }
        ],
        "dice": [
            {
                "type": "blunt",
                "min": 1,
                "max": 15,
                "sin": "Envy",
                "effects": []
            }
        ],
        "pageTagList": [
            "Poise",
            "Heated",
            "Overheated"
        ]
    }
}