{
    "Faith": {
        "description": "",
        "light_cost": 1,
        "rarity": "Paperback",
        "effects": [
            {
                "trigger": "on_use",
                "conditionTarget": "self",
                "modifierTarget": "self",
                "condition": {},
                "get": {},
                "modifiers": {
                    "gainlight": 3
                }
            }
        ],
        "dice": [
            {
                "type": "pierce",
                "min": 4,
                "max": 6,
                "sin": "Sloth",
                "effects": [
                    {
                        "trigger": "on_hit",
                        "conditionTarget": "self",
                        "modifierTarget": "target",
                        "condition": {},
                        "get": {},
                        "modifiers": {
                            "getbuff": {
                                "Rupture": {
                                    "stack": 2
                                }
                            }
                        }
                    },
                    {
                        "trigger": "on_crit",
                        "conditionTarget": "self",
                        "modifierTarget": "target",
                        "condition": {},
                        "get": {},
                        "modifiers": {
                            "getbuff": {
                                "Rupture": {
                                    "count": 1
                                }
                            }
                        }
                    }
                ]
            },
            {
                "type": "slash",
                "min": 3,
                "max": 6,
                "sin": "Sloth",
                "effects": [
                    {
                        "trigger": "on_hit",
                        "conditionTarget": "self",
                        "modifierTarget": "target",
                        "condition": {},
                        "get": {},
                        "modifiers": {
                            "getbuff": {
                                "Rupture": {
                                    "stack": 2,
                                    "nextturn": true
                                }
                            }
                        }
                    }
                ]
            }
        ],
        "pageTagList": [
            "Bleed",
            "Poise",
            "Rupture"
        ]
    },
    "Proxy’s Blade": {
        "description": "",
        "light_cost": 2,
        "rarity": "Hardcover",
        "effects": [
            {
                "trigger": "combat_start",
                "conditionTarget": "self",
                "modifierTarget": "self",
                "condition": {},
                "get": {},
                "modifiers": {
                    "getbuff": {
                        "Power Down": {
                            "stack": 2,
                            "volatile": true
                        }
                    }
                }
            },
            {
                "trigger": "on_use",
                "conditionTarget": "self",
                "modifierTarget": "self",
                "condition": {
                    "singleton": 100
                },
                "get": {},
                "modifiers": {
                    "changedamage": {
                        "value": 4,
                        "mode": "mult",
                        "inverse_percent": -0.1
                    }
                }
            },
            {
                "trigger": "on_use",
                "conditionTarget": "self",
                "modifierTarget": "self",
                "condition": {},
                "get": {},
                "modifiers": {
                    "gainlight": 1,
                    "draw": 1
                }
            }
        ],
        "dice": [
            {
                "type": "pierce",
                "min": 4,
                "max": 6,
                "sin": "Sloth",
                "effects": [
                    {
                        "trigger": "on_hit",
                        "conditionTarget": "self",
                        "modifierTarget": "target",
                        "condition": {},
                        "get": {},
                        "modifiers": {
                            "getbuff": {
                                "Rupture": {
                                    "stack": 2
                                }
                            }
                        }
                    },
                    {
                        "trigger": "on_crit",
                        "conditionTarget": "self",
                        "modifierTarget": "target",
                        "condition": {},
                        "get": {},
                        "modifiers": {
                            "getbuff": {
                                "Rupture": {
                                    "count": 1
                                }
                            }
                        }
                    }
                ]
            },
            {
                "type": "slash",
                "min": 3,
                "max": 6,
                "sin": "Sloth",
                "effects": [
                    {
                        "trigger": "on_hit",
                        "conditionTarget": "self",
                        "modifierTarget": "target",
                        "condition": {},
                        "get": {},
                        "modifiers": {
                            "getbuff": {
                                "Rupture": {
                                    "stack": 2,
                                    "nextturn": true
                                }
                            }
                        }
                    }
                ]
            }
        ],
        "pageTagList": [
            "Bleed",
            "Poise",
            "Rupture"
        ]
    },
    "Execute": {
        "description": "",
        "light_cost": 2,
        "rarity": "Limited",
        "effects": [
            {
                "trigger": "on_use",
                "conditionTarget": "self",
                "modifierTarget": "self",
                "condition": {
                    "singleton": 100
                },
                "get": {},
                "modifiers": {
                    "changedamage": {
                        "value": 4,
                        "mode": "mult",
                        "inverse_percent": -0.1
                    }
                }
            },
            {
                "trigger": "on_kill",
                "conditionTarget": "self",
                "modifierTarget": "self",
                "condition": {},
                "get": {},
                "modifiers": {
                    "gainlight": 3,
                    "getbuff": {
                        "Power Up": {
                            "stack": 3,
                            "volatile": true,
                            "nextturn": true
                        },
                        "Haste": {
                            "stack": 3,
                            "volatile": true,
                            "nextturn": true
                        }
                    }
                }
            }
        ],
        "dice": [
            {
                "type": "slash",
                "min": 3,
                "max": 5,
                "sin": "Wrath",
                "effects": [
                    {
                        "trigger": "on_roll",
                        "conditionTarget": "self",
                        "modifierTarget": "self",
                        "condition": {
                            "singleton": 100
                        },
                        "get": {},
                        "modifiers": {
                            "power_bonus": 4
                        }
                    },
                    {
                        "trigger": "on_hit",
                        "conditionTarget": "self",
                        "modifierTarget": "target",
                        "condition": {},
                        "get": {},
                        "modifiers": {
                            "getbuff": {
                                "Rupture": {
                                    "stack": 4
                                }
                            }
                        }
                    }
                ]
            },
            {
                "type": "slash",
                "min": 4,
                "max": 6,
                "sin": "Wrath",
                "effects": [
                    {
                        "trigger": "on_hit",
                        "conditionTarget": "self",
                        "modifierTarget": "target",
                        "condition": {},
                        "get": {},
                        "modifiers": {
                            "getbuff": {
                                "Rupture": {
                                    "stack": 2
                                }
                            }
                        }
                    },
                    {
                        "trigger": "on_hit",
                        "conditionTarget": "self",
                        "modifierTarget": "target",
                        "condition": {
                            "singleton": 100
                        },
                        "get": {},
                        "modifiers": {
                            "getbuff": {
                                "Rupture": {
                                    "stack": 4
                                }
                            }
                        }
                    }
                ]
            }
        ],
        "pageTagList": [
            "Bleed",
            "Poise",
            "Rupture"
        ]
    }
}