{
    "Interloper Response": {
        "description": "",
        "light_cost": 0,
        "effects": [
            {
                "trigger": "on_use",
                "conditionTarget": "self",
                "modifierTarget": "self",
                "condition": {},
                "get": {},
                "modifiers": {
                    "draw": 1
                }
            }
        ],
        "dice": [
            {
                "type": "guard",
                "min": 1,
                "max": 5,
                "sin": "Gloom",
                "effects": []
            },
            {
                "type": "slash",
                "min": 2,
                "max": 5,
                "sin": "Gloom",
                "effects": [
                    {
                        "trigger": "on_hit",
                        "conditionTarget": "self",
                        "modifierTarget": "target",
                        "condition": {},
                        "get": {},
                        "modifiers": {
                            "getbuff": {
                                "Sinking": {
                                    "count": 3
                                }
                            }
                        }
                    },
                    {
                        "trigger": "clash_win",
                        "conditionTarget": "self",
                        "modifierTarget": "self",
                        "condition": [],
                        "get": {},
                        "modifiers": {
                            "getbuff": {
                                "Paralyze": {
                                    "stack": 3,
                                    "nextturn": true,
                                    "volatile": true
                                }
                            }
                        }
                    }
                ]
            },
            {
                "type": "blunt",
                "min": 2,
                "max": 5,
                "sin": "Gloom",
                "effects": [
                    {
                        "trigger": "on_hit",
                        "conditionTarget": "self",
                        "modifierTarget": "target",
                        "condition": {},
                        "get": {},
                        "modifiers": {
                            "getbuff": {
                                "Sinking": {
                                    "count": 3
                                }
                            }
                        }
                    }
                ]
            }
        ],
        "pageTagList": [
            "Bleed",
            "Poise",
            "Sinking"
        ]
    },
    "Knocking": {
        "description": "",
        "light_cost": 1,
        "effects": [
            {
                "trigger": "on_hit",
                "conditionTarget": "target",
                "modifierTarget": "self",
                "condition": [
                    {
                        "stack_min": {
                            "buff": "Sinking",
                            "value": 5
                        }
                    }
                ],
                "get": {},
                "modifiers": {
                    "getbuff": {
                        "Defense Level Up": {
                            "stack": 1,
                            "nextturn": true,
                            "volatile": true
                        }
                    }
                }
            }
        ],
        "dice": [
            {
                "type": "guard",
                "min": 3,
                "max": 5,
                "sin": "Gloom",
                "effects": []
            },
            {
                "type": "slash",
                "min": 3,
                "max": 6,
                "sin": "Gloom",
                "effects": [
                    {
                        "trigger": "on_hit",
                        "conditionTarget": "self",
                        "modifierTarget": "target",
                        "condition": {},
                        "get": {},
                        "modifiers": {
                            "getbuff": {
                                "Sinking": {
                                    "count": 4
                                }
                            }
                        }
                    },
                    {
                        "trigger": "clash_win",
                        "conditionTarget": "self",
                        "modifierTarget": "self",
                        "condition": [],
                        "get": {},
                        "modifiers": {
                            "getbuff": {
                                "Bind": {
                                    "stack": 3,
                                    "nextturn": true,
                                    "volatile": true
                                }
                            }
                        }
                    }
                ]
            }
        ],
        "pageTagList": [
            "Bleed",
            "Poise",
            "Sinking"
        ]
    },
    "Time… to Clean": {
        "description": "",
        "light_cost": 1,
        "effects": [
            {
                "trigger": "on_hit",
                "conditionTarget": "target",
                "modifierTarget": "self",
                "condition": [
                    {
                        "stack_min": {
                            "buff": "Sinking",
                            "value": 5
                        }
                    }
                ],
                "get": {},
                "modifiers": {
                    "getbuff": {
                        "Offense Level Up": {
                            "stack": 1,
                            "nextturn": true,
                            "volatile": true
                        }
                    }
                }
            }
        ],
        "dice": [
            {
                "type": "blunt",
                "min": 2,
                "max": 8,
                "sin": "Gloom",
                "effects": [
                    {
                        "trigger": "on_hit",
                        "conditionTarget": "self",
                        "modifierTarget": "target",
                        "condition": {},
                        "get": {},
                        "modifiers": {
                            "getbuff": {
                                "Sinking": {
                                    "count": 3
                                }
                            }
                        }
                    },
                    {
                        "trigger": "clash_win",
                        "conditionTarget": "self",
                        "modifierTarget": "self",
                        "condition": [],
                        "get": {},
                        "modifiers": {
                            "getbuff": {
                                "Power Down": {
                                    "stack": 1,
                                    "nextturn": true,
                                    "volatile": true
                                }
                            }
                        }
                    }
                ]
            },
            {
                "type": "blunt",
                "min": 2,
                "max": 5,
                "sin": "Gloom",
                "effects": [
                    {
                        "trigger": "on_hit",
                        "conditionTarget": "self",
                        "modifierTarget": "target",
                        "condition": {},
                        "get": {},
                        "modifiers": {
                            "getbuff": {
                                "Sinking": {
                                    "stack": 3
                                }
                            }
                        }
                    },
                    {
                        "trigger": "on_hit",
                        "conditionTarget": "self",
                        "modifierTarget": "self",
                        "condition": [],
                        "get": {},
                        "modifiers": {
                            "getbuff": {
                                "Power Down": {
                                    "stack": 1,
                                    "nextturn": true,
                                    "volatile": true
                                }
                            }
                        }
                    }
                ]
            }
        ],
        "pageTagList": [
            "Bleed",
            "Poise",
            "Sinking"
        ]
    },
    "As The Queen Commands...!": {
        "description": "",
        "light_cost": 2,
        "effects": [
            {
                "trigger": "on_use",
                "conditionTarget": "target",
                "modifierTarget": "self",
                "condition": {
                    "stack_min": {
                        "buff": "Sinking",
                        "value": 8
                    }
                },
                "get": {},
                "modifiers": {
                    "power_bonus": 1
                }
            },
            {
                "trigger": "on_use",
                "conditionTarget": "target",
                "modifierTarget": "self",
                "condition": {
                    "count_min": {
                        "buff": "Sinking",
                        "value": 8
                    }
                },
                "get": {},
                "modifiers": {
                    "power_bonus": 1
                }
            },
            {
                "trigger": "on_hit",
                "conditionTarget": "target",
                "modifierTarget": "self",
                "condition": [
                    {
                        "stack_min": {
                            "buff": "Sinking",
                            "value": 5
                        }
                    }
                ],
                "get": {},
                "modifiers": {
                    "getbuff": {
                        "Haste": {
                            "stack": 1,
                            "nextturn": true,
                            "volatile": true
                        }
                    }
                }
            }
        ],
        "dice": [
            {
                "type": "blunt",
                "min": 3,
                "max": 5,
                "sin": "Lust",
                "effects": [
                    {
                        "trigger": "on_hit",
                        "conditionTarget": "self",
                        "modifierTarget": "target",
                        "condition": {},
                        "get": {},
                        "modifiers": {
                            "getbuff": {
                                "Sinking": {
                                    "count": 3
                                }
                            }
                        }
                    }
                ]
            },
            {
                "type": "blunt",
                "min": 3,
                "max": 6,
                "sin": "Lust",
                "effects": [
                    {
                        "trigger": "on_hit",
                        "conditionTarget": "self",
                        "modifierTarget": "target",
                        "condition": {},
                        "get": {},
                        "modifiers": {
                            "getbuff": {
                                "Sinking": {
                                    "stack": 3
                                }
                            }
                        }
                    }
                ]
            },
            {
                "type": "blunt",
                "min": 2,
                "max": 7,
                "sin": "Lust",
                "effects": [
                    {
                        "trigger": "on_hit",
                        "conditionTarget": "self",
                        "modifierTarget": "target",
                        "condition": {},
                        "get": {},
                        "modifiers": {
                            "getbuff": {
                                "Sinking": {
                                    "stack": 4
                                }
                            }
                        }
                    },
                    {
                        "trigger": "clash_lose",
                        "conditionTarget": "self",
                        "modifierTarget": "self",
                        "condition": {},
                        "get": {},
                        "modifiers": {
                            "takestaggerdamage": 10
                        }
                    }
                ]
            }
        ],
        "pageTagList": [
            "Bleed",
            "Poise",
            "Sinking"
        ],
        "globalpower": []
    },
    "Not Even a Speck of Dust!": {
        "description": "",
        "light_cost": 3,
        "effects": [
            {
                "trigger": "on_hit",
                "conditionTarget": "target",
                "modifierTarget": "everyone",
                "filterfaction": [
                    "Enemy"
                ],
                "condition": [
                    {
                        "stack_min": {
                            "buff": "Sinking",
                            "value": 10
                        }
                    }
                ],
                "get": {},
                "modifiers": {
                    "getbuff": {
                        "Power Up": {
                            "stack": 1,
                            "nextturn": true,
                            "volatile": true
                        }
                    }
                }
            },
            {
                "trigger": "combat_start",
                "conditionTarget": "self",
                "modifierTarget": "everyone",
                "filterfaction": [
                    "Enemy"
                ],
                "condition": [],
                "get": {},
                "modifiers": {
                    "getbuff": {
                        "Offense Level Up": {
                            "stack": 3,
                            "nextturn": true,
                            "volatile": true
                        }
                    }
                }
            }
        ],
        "dice": [
            {
                "type": "slash",
                "min": 5,
                "max": 6,
                "sin": "Wrath",
                "effects": [
                    {
                        "trigger": "on_hit",
                        "conditionTarget": "self",
                        "modifierTarget": "target",
                        "condition": {},
                        "get": {},
                        "modifiers": {
                            "getbuff": {
                                "Sinking": {
                                    "count": 4
                                }
                            }
                        }
                    }
                ]
            },
            {
                "type": "pierce",
                "min": 4,
                "max": 6,
                "sin": "Wrath",
                "effects": [
                    {
                        "trigger": "on_hit",
                        "conditionTarget": "self",
                        "modifierTarget": "target",
                        "condition": {},
                        "get": {},
                        "modifiers": {
                            "getbuff": {
                                "Sinking": {
                                    "stack": 4
                                }
                            }
                        }
                    }
                ]
            },
            {
                "type": "guard",
                "min": 3,
                "max": 8,
                "sin": "Wrath",
                "effects": [
                    {
                        "trigger": "clash_win",
                        "conditionTarget": "self",
                        "modifierTarget": "target",
                        "condition": {},
                        "get": {},
                        "modifiers": {
                            "getbuff": {
                                "Echoes of the Manor": {
                                    "stack": 3,
                                    "nextturn": true
                                }
                            }
                        }
                    }
                ]
            },
            {
                "type": "blunt",
                "min": 1,
                "max": 6,
                "sin": "Wrath",
                "effects": [
                    {
                        "trigger": "on_hit",
                        "conditionTarget": "self",
                        "modifierTarget": "target",
                        "condition": {},
                        "get": {},
                        "modifiers": {
                            "getbuff": {
                                "Sinking": {
                                    "stack": 4
                                }
                            }
                        }
                    }
                ]
            }
        ],
        "pageTagList": [
            "Bleed",
            "Poise",
            "Sinking"
        ]
    },
    "Slippery Rat!": {
        "description": "",
        "light_cost": 2,
        "effects": [
            {
                "trigger": "on_use",
                "conditionTarget": "self",
                "modifierTarget": "self",
                "filterfaction": [
                    "Enemy"
                ],
                "condition": {},
                "get": {},
                "modifiers": {
                    "getbuff": {
                        "Protection": {
                            "stack": 1,
                            "nextturn": true,
                            "volatile": true
                        }
                    }
                }
            },
            {
                "trigger": "on_use",
                "conditionTarget": "self",
                "modifierTarget": "everyone",
                "filterfaction": [
                    "Enemy"
                ],
                "condition": {},
                "get": {},
                "modifiers": {
                    "getbuff": {
                        "Protection": {
                            "stack": 1,
                            "nextturn": true,
                            "volatile": true
                        }
                    }
                }
            },
            {
                "trigger": "on_use",
                "conditionTarget": "target",
                "modifierTarget": "self",
                "condition": {
                    "count_min": {
                        "buff": "Sinking",
                        "value": 10
                    }
                },
                "get": {},
                "modifiers": {
                    "recoverlight": 1
                }
            }
        ],
        "dice": [
            {
                "type": "evade",
                "min": 3,
                "max": 4,
                "sin": "Sloth",
                "effects": []
            },
            {
                "type": "evade",
                "min": 3,
                "max": 5,
                "sin": "Sloth",
                "effects": []
            },
            {
                "type": "slash",
                "min": 3,
                "max": 6,
                "sin": "Sloth",
                "effects": [
                    {
                        "trigger": "on_hit",
                        "conditionTarget": "self",
                        "modifierTarget": "target",
                        "condition": {},
                        "get": {},
                        "modifiers": {
                            "getbuff": {
                                "Echoes of the Manor": {
                                    "stack": 1,
                                    "nextturn": true
                                }
                            }
                        }
                    },
                    {
                        "trigger": "on_hit",
                        "conditionTarget": "self",
                        "modifierTarget": "self",
                        "condition": {},
                        "get": {},
                        "modifiers": {
                            "recoverhp": 2
                        }
                    }
                ]
            }
        ],
        "pageTagList": [
            "Bleed",
            "Poise",
            "Power Up",
            "Defense Power Up"
        ]
    },
    "Begone!": {
        "description": "",
        "light_cost": 3,
        "effects": [],
        "dice": [
            {
                "type": "blunt",
                "min": 1,
                "max": 16,
                "sin": "Envy",
                "effects": [
                    {
                        "trigger": "clash_win",
                        "conditionTarget": "self",
                        "modifierTarget": "self",
                        "condition": [],
                        "get": {},
                        "modifiers": {
                            "getbuff": {
                                "Echoes of the Manor": {
                                    "stack": 3,
                                    "nextturn": true
                                }
                            }
                        }
                    },
                    {
                        "trigger": "clash_win",
                        "conditionTarget": "target",
                        "modifierTarget": "target",
                        "condition": {},
                        "get": {
                            "Sinking": {
                                "value": "stack",
                                "divide": 4,
                                "max": 15,
                                "fix": "",
                                "targetOverride": "target"
                            }
                        },
                        "modifiers": {
                            "flatdamage": {
                                "Gloom": "Sinking_stack"
                            }
                        }
                    }
                ]
            }
        ],
        "pageTagList": [
            "Poise",
            "Heated",
            "Overheated"
        ]
    }
}