{
    "Launcher Rev": {
        "description": "",
        "light_cost": 1,
        "effects": [
            {
                "trigger": "on_use",
                "conditionTarget": "self",
                "modifierTarget": "self",
                "condition": {
                    "light_max": 3
                },
                "get": {},
                "modifiers": {
                    "gainlight": 1
                }
            }
        ],
        "dice": [
            {
                "type": "slash",
                "min": 2,
                "max": 6,
                "sin": "Sloth",
                "effects": [
                    {
                        "trigger": "on_roll",
                        "conditionTarget": "self",
                        "modifierTarget": "self",
                        "condition": {},
                        "get": {},
                        "modifiers": {
                            "getbuff": {
                                "Charge": {
                                    "count": 2
                                }
                            }
                        }
                    },
                    {
                        "trigger": "before_on_hit",
                        "conditionTarget": "self",
                        "modifierTarget": "self",
                        "condition": {
                            "stack_min": {
                                "buff": "Burn",
                                "value": 5
                            }
                        },
                        "get": {},
                        "modifiers": {
                            "changedamage": {
                                "value": 1,
                                "mode": "add"
                            }
                        }
                    },
                    {
                        "trigger": "on_hit",
                        "conditionTarget": "self",
                        "modifierTarget": "target",
                        "condition": {},
                        "get": {},
                        "modifiers": {
                            "getbuff": {
                                "Burn": {
                                    "stack": 2
                                }
                            }
                        }
                    }
                ]
            },
            {
                "type": "pierce",
                "min": 1,
                "max": 4,
                "sin": "Sloth",
                "effects": [
                    {
                        "trigger": "on_roll",
                        "conditionTarget": "self",
                        "modifierTarget": "self",
                        "condition": {},
                        "get": {},
                        "modifiers": {
                            "getbuff": {
                                "Charge": {
                                    "count": 2
                                }
                            }
                        }
                    },
                    {
                        "trigger": "before_on_hit",
                        "conditionTarget": "self",
                        "modifierTarget": "self",
                        "condition": {
                            "stack_min": {
                                "buff": "Burn",
                                "value": 5
                            }
                        },
                        "get": {},
                        "modifiers": {
                            "changedamage": {
                                "value": 1,
                                "mode": "add"
                            }
                        }
                    },
                    {
                        "trigger": "on_hit",
                        "conditionTarget": "self",
                        "modifierTarget": "target",
                        "condition": {},
                        "get": {},
                        "modifiers": {
                            "getbuff": {
                                "Burn": {
                                    "count": 1
                                }
                            }
                        }
                    }
                ]
            }
        ],
        "globalpower": [],
        "pageTagList": [
            "Burn",
            "Charge"
        ]
    },
    "Spark The Flames": {
        "description": "",
        "light_cost": 2,
        "effects": [
            {
                "trigger": "on_use",
                "conditionTarget": "self",
                "modifierTarget": "self",
                "condition": {},
                "get": {
                    "Burn": {
                        "value": "stack",
                        "max": 2,
                        "mult": 17
                    }
                },
                "modifiers": {
                    "power_bonus": "Burn_stack"
                }
            },
            {
                "trigger": "on_use",
                "conditionTarget": "self",
                "modifierTarget": "self",
                "condition": {
                    "stack_max": {
                        "buff": "Burn",
                        "value": 0
                    }
                },
                "get": {},
                "modifiers": {
                    "storagebox": [
                        {
                            "name": "self",
                            "valuename": "moreburn",
                            "mode": "add",
                            "value": 1
                        }
                    ]
                }
            },
            {
                "trigger": "after_attack",
                "conditionTarget": "self",
                "modifierTarget": "self",
                "condition": {},
                "get": {},
                "modifiers": {
                    "storagebox": [
                        {
                            "name": "self",
                            "valuename": "moreburn",
                            "value": "Delete"
                        }
                    ]
                }
            }
        ],
        "dice": [
            {
                "type": "pierce",
                "min": 3,
                "max": 7,
                "sin": "Lust",
                "effects": [
                    {
                        "trigger": "on_roll",
                        "conditionTarget": "self",
                        "modifierTarget": "self",
                        "condition": {},
                        "get": {},
                        "modifiers": {
                            "getbuff": {
                                "Charge": {
                                    "count": 3
                                }
                            }
                        }
                    },
                    {
                        "trigger": "on_hit",
                        "conditionTarget": "self",
                        "modifierTarget": "target",
                        "condition": {},
                        "get": {},
                        "modifiers": {
                            "getbuff": {
                                "Burn": {
                                    "stack": 3,
                                    "count": 1
                                }
                            }
                        }
                    },
                    {
                        "trigger": "on_hit",
                        "conditionTarget": "self",
                        "modifierTarget": "target",
                        "condition": {
                            "storagebox_check": [
                                {
                                    "name": "self",
                                    "valuename": "moreburn",
                                    "min": 1
                                }
                            ]
                        },
                        "get": {},
                        "modifiers": {
                            "getbuff": {
                                "Burn": {
                                    "stack": 3,
                                    "count": 1
                                }
                            }
                        }
                    }
                ]
            }
        ],
        "globalpower": [],
        "pageTagList": [
            "Burn",
            "Charge"
        ]
    },
    "Fully Charged": {
        "description": "",
        "light_cost": 2,
        "effects": [
            {
                "trigger": "on_use",
                "conditionTarget": "self",
                "modifierTarget": "self",
                "condition": {
                    "count_min": {
                        "buff": "Charge",
                        "value": 10
                    }
                },
                "get": {},
                "modifiers": {
                    "power_bonus": 2,
                    "getbuff": {
                        "Charge": {
                            "count": -20
                        },
                        "Overstimulated": {
                            "stack": 3
                        }
                    }
                }
            }
        ],
        "dice": [
            {
                "type": "slash",
                "min": 3,
                "max": 5,
                "sin": "Lust",
                "effects": [
                    {
                        "trigger": "before_on_hit",
                        "conditionTarget": "self",
                        "modifierTarget": "self",
                        "condition": {},
                        "get": {
                            "Burn": {
                                "value": "stack",
                                "max": 5,
                                "mult": 20,
                                "fix": ""
                            }
                        },
                        "modifiers": {
                            "changedamage": {
                                "value": "Burn_stack",
                                "mode": "add"
                            }
                        }
                    },
                    {
                        "trigger": "on_hit",
                        "conditionTarget": "self",
                        "modifierTarget": "target",
                        "condition": {},
                        "get": {
                            "damagedealt": 50
                        },
                        "modifiers": {
                            "takestaggerdamage": "damagedealt"
                        }
                    }
                ]
            },
            {
                "type": "pierce",
                "min": 1,
                "max": 4,
                "sin": "Lust",
                "effects": [
                    {
                        "trigger": "before_on_hit",
                        "conditionTarget": "self",
                        "modifierTarget": "self",
                        "condition": {},
                        "get": {
                            "Burn": {
                                "value": "stack",
                                "max": 5,
                                "mult": 20,
                                "fix": ""
                            }
                        },
                        "modifiers": {
                            "changedamage": {
                                "value": "Burn_stack",
                                "mode": "add"
                            }
                        }
                    },
                    {
                        "trigger": "on_hit",
                        "conditionTarget": "self",
                        "modifierTarget": "target",
                        "condition": {},
                        "get": {},
                        "modifiers": {
                            "getbuff": {
                                "Burn": {
                                    "stack": 3,
                                    "count": 2
                                }
                            }
                        }
                    }
                ]
            },
            {
                "type": "slash",
                "min": 2,
                "max": 4,
                "sin": "Lust",
                "effects": [
                    {
                        "trigger": "before_on_hit",
                        "conditionTarget": "self",
                        "modifierTarget": "self",
                        "condition": {},
                        "get": {
                            "Burn": {
                                "value": "stack",
                                "max": 5,
                                "mult": 20,
                                "fix": ""
                            }
                        },
                        "modifiers": {
                            "changedamage": {
                                "value": "Burn_stack",
                                "mode": "add"
                            }
                        }
                    },
                    {
                        "trigger": "on_hit",
                        "conditionTarget": "self",
                        "modifierTarget": "target",
                        "condition": {},
                        "get": {
                            "damagedealt": 50
                        },
                        "modifiers": {
                            "takestaggerdamage": "damagedealt"
                        }
                    },
                    {
                        "trigger": "clash_lose",
                        "conditionTarget": "self",
                        "modifierTarget": "target",
                        "condition": {},
                        "get": {},
                        "modifiers": {
                            "lightcostchange": {
                                "'IT'S GONNA BLOW!!'": -1
                            }
                        }
                    }
                ]
            }
        ],
        "globalpower": [],
        "pageTagList": [
            "Overstimulated",
            "Burn",
            "Charge"
        ]
    },
    "Bomb Disposal": {
        "description": "",
        "light_cost": 2,
        "effects": [
            {
                "trigger": "on_use",
                "conditionTarget": "target",
                "modifierTarget": "self",
                "condition": {
                    "total_min": {
                        "buff": "Burn",
                        "value": 20
                    }
                },
                "get": {},
                "modifiers": {
                    "power_bonus": 2
                }
            },
            {
                "trigger": "newturn",
                "conditionTarget": "self",
                "modifierTarget": "self",
                "condition": {},
                "get": {},
                "modifiers": {
                    "speeddice": 2
                }
            }
        ],
        "dice": [
            {
                "type": "pierce",
                "min": 3,
                "max": 8,
                "sin": "Envy",
                "effects": [
                    {
                        "trigger": "before_on_hit",
                        "conditionTarget": "self",
                        "modifierTarget": "self",
                        "condition": {
                            "pageusetype": [
                                "Unopposed"
                            ]
                        },
                        "get": {},
                        "modifiers": {
                            "changedamage": {
                                "value": 5,
                                "mode": "add"
                            }
                        }
                    },
                    {
                        "trigger": "on_hit",
                        "conditionTarget": "self",
                        "modifierTarget": "target",
                        "condition": {},
                        "get": {},
                        "modifiers": {
                            "getbuff": {
                                "Burn": {
                                    "stack": 3,
                                    "count": 3
                                }
                            },
                            "drawspecific": "'IT'S GONNA BLOW!!'"
                        }
                    },
                    {
                        "trigger": "clash_lose",
                        "conditionTarget": "self",
                        "modifierTarget": "self",
                        "condition": {},
                        "get": {},
                        "modifiers": {
                            "drawspecific": "Bomb Disposal"
                        }
                    }
                ]
            }
        ],
        "globalpower": [],
        "pageTagList": [
            "Burn"
        ]
    },
    "Acceleration": {
        "description": "",
        "single": true,
        "light_cost": 2,
        "effects": [
            {
                "trigger": "on_use",
                "conditionTarget": "target",
                "modifierTarget": "self",
                "condition": {},
                "get": {},
                "modifiers": {
                    "draw": 2,
                    "getbuff": {
                        "Haste": {
                            "stack": 2,
                            "volatile": true,
                            "nextturn": true
                        }
                    }
                }
            }
        ],
        "dice": [
            {
                "type": "guard",
                "min": 4,
                "max": 6,
                "sin": "Sloth",
                "effects": [
                    {
                        "trigger": "clash_lose",
                        "conditionTarget": "self",
                        "modifierTarget": "target",
                        "condition": {},
                        "get": {},
                        "modifiers": {
                            "lightcostchange": {
                                "'IT'S GONNA BLOW!!'": -1
                            }
                        }
                    }
                ]
            },
            {
                "type": "slash",
                "min": 1,
                "max": 8,
                "sin": "Sloth",
                "effects": [
                    {
                        "trigger": "on_hit",
                        "conditionTarget": "self",
                        "modifierTarget": "self",
                        "condition": {},
                        "get": {},
                        "modifiers": {
                            "gainlight": 1
                        }
                    }
                ]
            }
        ],
        "globalpower": [],
        "pageTagList": [
            "Haste"
        ]
    },
    "'IT'S GONNA BLOW!!'": {
        "description": "",
        "light_cost": 3,
        "effects": [
            {
                "trigger": "newturn",
                "conditionTarget": "self",
                "modifierTarget": "self",
                "condition": {},
                "get": {},
                "modifiers": {
                    "storagebox": [
                        {
                            "name": "self",
                            "valuename": "deathcounter",
                            "mode": "add",
                            "value": 1
                        }
                    ]
                }
            },
            {
                "trigger": "newturn",
                "conditionTarget": "self",
                "modifierTarget": "self",
                "condition": {
                    "storagebox_check": [
                        {
                            "name": "self",
                            "valuename": "deathcounter",
                            "min": 2
                        }
                    ]
                },
                "get": {},
                "modifiers": {
                    "storagebox": [
                        {
                            "name": "self",
                            "valuename": "deathcounter",
                            "value": "Delete"
                        }
                    ],
                    "flatdamage": {
                        "Wrath": 30
                    }
                }
            }
        ],
        "dice": [
            {
                "type": "slash",
                "min": 6,
                "max": 6,
                "sin": "Wrath",
                "effects": [
                    {
                        "trigger": "clash_lose",
                        "conditionTarget": "self",
                        "modifierTarget": "self",
                        "condition": {},
                        "get": {},
                        "modifiers": {
                            "draw": "'IT'S GONNA BLOW!!'"
                        }
                    }
                ]
            }
        ],
        "globalpower": [],
        "pageTagList": []
    }
}