{
    "Butcher Cleave": {
        "description": "",
        "light_cost": 0,
        "effects": [],
        "dice": [
            {
                "type": "slash",
                "min": 2,
                "max": 6,
                "sin": "Wrath",
                "effects": [
                    {
                        "trigger": "on_hit",
                        "conditionTarget": "self",
                        "modifierTarget": "target",
                        "condition": {},
                        "get": {},
                        "modifiers": {
                            "getbuff": {
                                "Bleed": {
                                    "stack": 3
                                }
                            }
                        }
                    }
                ]
            }
        ],
        "pageTagList": [
            "Bleed"
        ]
    },
    "Unadulterated Slaughter": {
        "description": "",
        "light_cost": 2,
        "effects": [],
        "dice": [
            {
                "type": "slash",
                "min": 3,
                "max": 5,
                "sin": "Gluttony",
                "effects": [
                    {
                        "trigger": "on_hit",
                        "conditionTarget": "self",
                        "modifierTarget": "target",
                        "condition": {},
                        "get": {},
                        "modifiers": {
                            "getbuff": {
                                "Bleed": {
                                    "count": 2
                                }
                            }
                        }
                    }
                ]
            },
            {
                "type": "slash",
                "min": 1,
                "max": 5,
                "sin": "Gluttony",
                "effects": [
                    {
                        "trigger": "on_hit",
                        "conditionTarget": "self",
                        "modifierTarget": "target",
                        "condition": {},
                        "get": {},
                        "modifiers": {
                            "getbuff": {
                                "Bleed": {
                                    "count": 1
                                }
                            }
                        }
                    }
                ]
            },
            {
                "type": "slash",
                "min": 2,
                "max": 4,
                "sin": "Gluttony",
                "effects": [
                    {
                        "trigger": "on_hit",
                        "conditionTarget": "self",
                        "modifierTarget": "target",
                        "condition": {},
                        "get": {},
                        "modifiers": {
                            "getbuff": {
                                "Paralyze": {
                                    "stack": 2,
                                    "volatile": true,
                                    "nextturn": true
                                }
                            }
                        }
                    }
                ]
            }
        ],
        "pageTagList": [
            "Paralyze",
            "Bleed"
        ]
    },
    "Meat Injection": {
        "description": "",
        "light_cost": 2,
        "effects": [
            {
                "trigger": "on_use",
                "conditionTarget": "target",
                "modifierTarget": "self",
                "condition": {
                    "stack_min": {
                        "buff": "Bleed",
                        "value": 5
                    }
                },
                "get": {},
                "modifiers": {
                    "power_bonus": 1
                }
            }
        ],
        "dice": [
            {
                "type": "pierce",
                "min": 4,
                "max": 5,
                "sin": "Lust",
                "effects": [
                    {
                        "trigger": "clash_win",
                        "conditionTarget": "self",
                        "modifierTarget": "target",
                        "condition": {},
                        "get": {
                            "Bleed": {
                                "value": "stack",
                                "max": 5,
                                "targetOverride": "target"
                            }
                        },
                        "modifiers": {
                            "getbuff": {
                                "Bleed": {
                                    "stack": "Bleed_stack"
                                }
                            }
                        }
                    }
                ]
            },
            {
                "type": "pierce",
                "min": 1,
                "max": 3,
                "sin": "Lust",
                "effects": [
                    {
                        "trigger": "on_hit",
                        "conditionTarget": "self",
                        "modifierTarget": "target",
                        "condition": {},
                        "get": {},
                        "modifiers": {
                            "gainlight": 1
                        }
                    }
                ]
            }
        ],
        "pageTagList": [
            "Bleed"
        ],
        "globalpower": []
    },
    "Moisture Retention": {
        "description": "",
        "light_cost": 1,
        "effects": [],
        "dice": [
            {
                "type": "evade",
                "min": 2,
                "max": 9,
                "sin": "Lust",
                "effects": [
                    {
                        "trigger": "on_roll",
                        "conditionTarget": "target",
                        "modifierTarget": "self",
                        "condition": {
                            "stack_min": {
                                "buff": "Bleed",
                                "value": 10
                            }
                        },
                        "get": {},
                        "modifiers": {
                            "power_bonus": 2
                        }
                    }
                ]
            },
            {
                "type": "slash",
                "min": 1,
                "max": 5,
                "sin": "Lust",
                "effects": [
                    {
                        "trigger": "on_hit",
                        "conditionTarget": "self",
                        "modifierTarget": "target",
                        "condition": {},
                        "get": {},
                        "modifiers": {
                            "getbuff": {
                                "Bind": {
                                    "stack": 2,
                                    "volatile": true,
                                    "nextturn": true
                                }
                            }
                        }
                    }
                ]
            }
        ],
        "pageTagList": [
            "Bind",
            "Bleed"
        ]
    },
    "Subprimal Finish": {
        "description": "",
        "light_cost": 3,
        "effects": [
            {
                "trigger": "on_use",
                "conditionTarget": "target",
                "modifierTarget": "self",
                "condition": {},
                "get": {
                    "Bleed": {
                        "value": "stack",
                        "max": 2,
                        "divide": 5,
                        "fix": "",
                        "targetOverride": "target"
                    }
                },
                "modifiers": {
                    "power_bonus": "Bleed_stack"
                }
            }
        ],
        "dice": [
            {
                "type": "slash",
                "min": 2,
                "max": 4,
                "sin": "Wrath",
                "effects": [
                    {
                        "trigger": "on_hit",
                        "conditionTarget": "target",
                        "modifierTarget": "target",
                        "condition": {},
                        "get": {
                            "Bleed": {
                                "value": "stack",
                                "targetOverride": "target",
                                "mult": 67,
                                "fix": ""
                            }
                        },
                        "modifiers": {
                            "takehpdamage": "Bleed_stack",
                            "getbuff": {
                                "Bleed": {
                                    "count": -1
                                }
                            }
                        }
                    }
                ]
            },
            {
                "type": "slash",
                "min": 2,
                "max": 4,
                "sin": "Wrath",
                "effects": [
                    {
                        "trigger": "on_hit",
                        "conditionTarget": "target",
                        "modifierTarget": "target",
                        "condition": {},
                        "get": {
                            "Bleed": {
                                "value": "stack",
                                "targetOverride": "target",
                                "mult": 67,
                                "fix": ""
                            }
                        },
                        "modifiers": {
                            "takehpdamage": "Bleed_stack",
                            "getbuff": {
                                "Bleed": {
                                    "count": -1
                                }
                            }
                        }
                    }
                ]
            },
            {
                "type": "slash",
                "min": 2,
                "max": 4,
                "sin": "Wrath",
                "effects": [
                    {
                        "trigger": "on_hit",
                        "conditionTarget": "target",
                        "modifierTarget": "target",
                        "condition": {},
                        "get": {
                            "Bleed": {
                                "value": "stack",
                                "targetOverride": "target",
                                "mult": 67,
                                "fix": ""
                            }
                        },
                        "modifiers": {
                            "takehpdamage": "Bleed_stack",
                            "getbuff": {
                                "Bleed": {
                                    "count": -1
                                }
                            }
                        }
                    }
                ]
            },
            {
                "type": "slash",
                "min": 1,
                "max": 6,
                "sin": "Wrath",
                "effects": [
                    {
                        "trigger": "on_hit",
                        "conditionTarget": "target",
                        "modifierTarget": "target",
                        "condition": {},
                        "get": {
                            "Bleed": {
                                "value": "stack",
                                "targetOverride": "target",
                                "mult": 67,
                                "fix": ""
                            }
                        },
                        "modifiers": {
                            "takehpdamage": "Bleed_stack",
                            "getbuff": {
                                "Bleed": {
                                    "count": -1
                                }
                            }
                        }
                    },
                    {
                        "trigger": "on_kill",
                        "conditionTarget": "target",
                        "modifierTarget": "random2",
                        "filterfaction": [
                            "AlliesOnly"
                        ],
                        "condition": {},
                        "get": {},
                        "modifiers": {
                            "takehpdamage": -5,
                            "takestaggerdamage": -5
                        }
                    },
                    {
                        "trigger": "on_kill",
                        "conditionTarget": "target",
                        "modifierTarget": "self",
                        "condition": {},
                        "get": {},
                        "modifiers": {
                            "getbuff": {
                                "Power Up": {
                                    "stack": 1,
                                    "nextturn": true,
                                    "volatile": true
                                }
                            }
                        }
                    }
                ]
            }
        ],
        "pageTagList": [
            "Bleed",
            "Power Up"
        ],
        "globalpower": []
    },
    "Pride as a Chef": {
        "description": "",
        "light_cost": 1,
        "effects": [
            {
                "trigger": "on_use",
                "conditionTarget": "target",
                "modifierTarget": "target",
                "condition": {
                    "pageusetype": [
                        "Clash"
                    ]
                },
                "get": {},
                "modifiers": {
                    "getbuff": {
                        "Bleed": {
                            "count": 2
                        }
                    }
                }
            }
        ],
        "dice": [
            {
                "type": "guard",
                "min": 4,
                "max": 6,
                "sin": "Pride",
                "effects": [
                    {
                        "trigger": "clash_win",
                        "conditionTarget": "target",
                        "modifierTarget": "self",
                        "condition": {},
                        "get": {},
                        "modifiers": {
                            "getbuff": {
                                "Bleed": {
                                    "count": 1
                                }
                            }
                        }
                    }
                ]
            },
            {
                "type": "guard",
                "min": 3,
                "max": 5,
                "sin": "Pride",
                "effects": [
                    {
                        "trigger": "clash_win",
                        "conditionTarget": "target",
                        "modifierTarget": "self",
                        "condition": {},
                        "get": {},
                        "modifiers": {
                            "gainlight": 1
                        }
                    }
                ]
            }
        ],
        "pageTagList": [
            "Bleed"
        ]
    },
    "Silent Cutter": {
        "description": "",
        "light_cost": 0,
        "effects": [],
        "dice": [
            {
                "type": "slash",
                "min": 1,
                "max": 9,
                "sin": "Gluttony",
                "effects": [
                    {
                        "trigger": "on_hit",
                        "conditionTarget": "target",
                        "modifierTarget": "target",
                        "condition": {
                            "absolutefactioncheck": [
                                "Bound Captive"
                            ]
                        },
                        "get": {},
                        "modifiers": {
                            "takehpdamage": 10
                        }
                    }
                ]
            }
        ],
        "pageTagList": []
    }
}