{
    "Gut-harvesting": {
        "description": "",
        "light_cost": 3,
        "effects": [],
        "dice": [
            {
                "type": "slash",
                "min": 3,
                "max": 6,
                "sin": "Envy",
                "effects": [
                    {
                        "trigger": "on_hit",
                        "conditionTarget": "self",
                        "modifierTarget": "target",
                        "condition": {},
                        "get": {},
                        "modifiers": {
                            "getbuff": {
                                "Bleed": {
                                    "stack": 1,
                                    "count": 1
                                }
                            }
                        }
                    }
                ]
            },
            {
                "type": "slash",
                "min": 3,
                "max": 6,
                "sin": "Envy",
                "effects": [
                    {
                        "trigger": "on_hit",
                        "conditionTarget": "self",
                        "modifierTarget": "target",
                        "condition": {},
                        "get": {},
                        "modifiers": {
                            "getbuff": {
                                "Bleed": {
                                    "stack": 1,
                                    "count": 1
                                }
                            }
                        }
                    }
                ]
            },
            {
                "type": "guard",
                "min": 1,
                "max": 4,
                "sin": "Envy",
                "effects": []
            }
        ],
        "pageTagList": [],
        "globalpower": []
    },
    "Rat's Guide to Survival": {
        "description": "",
        "light_cost": 2,
        "effects": [],
        "dice": [
            {
                "type": "guard",
                "min": 1,
                "max": 5,
                "sin": "Wrath",
                "effects": []
            },
            {
                "type": "slash",
                "min": 3,
                "max": 4,
                "sin": "Wrath",
                "effects": [
                    {
                        "trigger": "on_hit",
                        "conditionTarget": "self",
                        "modifierTarget": "target",
                        "condition": {},
                        "get": {},
                        "modifiers": {
                            "getbuff": {
                                "Bleed": {
                                    "stack": 1
                                }
                            }
                        }
                    }
                ]
            },
            {
                "type": "evade",
                "min": 1,
                "max": 7,
                "sin": "Wrath",
                "effects": []
            }
        ],
        "pageTagList": [],
        "globalpower": []
    },
    "Dirty Blow": {
        "description": "",
        "light_cost": 2,
        "effects": [],
        "dice": [
            {
                "type": "blunt",
                "min": 3,
                "max": 7,
                "sin": "Envy",
                "effects": [
                    {
                        "trigger": "on_hit",
                        "conditionTarget": "self",
                        "modifierTarget": "target",
                        "condition": {},
                        "get": {},
                        "modifiers": {
                            "getbuff": {
                                "Bleed": {
                                    "stack": 1,
                                    "count": 1
                                }
                            }
                        }
                    }
                ]
            },
            {
                "type": "guard",
                "min": 1,
                "max": 3,
                "sin": "Envy",
                "effects": []
            }
        ],
        "pageTagList": [],
        "globalpower": []
    },
    "Bite Off": {
        "description": "",
        "light_cost": 1,
        "effects": [],
        "dice": [
            {
                "type": "slash",
                "min": 1,
                "max": 4,
                "sin": "Lust",
                "effects": [
                    {
                        "trigger": "on_hit",
                        "conditionTarget": "self",
                        "modifierTarget": "target",
                        "condition": {},
                        "get": {},
                        "modifiers": {
                            "getbuff": {
                                "Bleed": {
                                    "stack": 1
                                }
                            }
                        }
                    }
                ]
            },
            {
                "type": "blunt",
                "min": 1,
                "max": 4,
                "sin": "Lust",
                "effects": [
                    {
                        "trigger": "on_hit",
                        "conditionTarget": "self",
                        "modifierTarget": "target",
                        "condition": {},
                        "get": {},
                        "modifiers": {
                            "getbuff": {
                                "Bleed": {
                                    "count": 1
                                }
                            }
                        }
                    }
                ]
            }
        ],
        "pageTagList": [],
        "globalpower": []
    },
    "Backstreets Dash": {
        "description": "",
        "light_cost": 1,
        "effects": [],
        "dice": [
            {
                "type": "pierce",
                "min": 1,
                "max": 8,
                "sin": "Envy",
                "effects": [
                    {
                        "trigger": "on_hit",
                        "conditionTarget": "self",
                        "modifierTarget": "target",
                        "condition": {},
                        "get": {},
                        "modifiers": {
                            "getbuff": {
                                "Bleed": {
                                    "stack": 1,
                                    "nextturn": true
                                }
                            }
                        }
                    }
                ]
            }
        ],
        "pageTagList": [],
        "globalpower": []
    },
    "Skitter Away": {
        "description": "",
        "light_cost": 1,
        "effects": [],
        "dice": [
            {
                "type": "evade",
                "min": 1,
                "max": 6,
                "sin": "Gloom",
                "effects": [
                    {
                        "trigger": "clash_lose",
                        "conditionTarget": "self",
                        "modifierTarget": "self",
                        "condition": {},
                        "get": {},
                        "modifiers": {
                            "changedice": {
                                "dice": 1,
                                "boostmin": 2
                            }
                        }
                    }
                ]
            },
            {
                "type": "evade",
                "min": 1,
                "max": 6,
                "sin": "Gloom",
                "effects": []
            },
            {
                "type": "blunt",
                "min": 1,
                "max": 4,
                "sin": "Gloom",
                "effects": []
            }
        ],
        "pageTagList": [],
        "globalpower": []
    }
}