{
    "Kick Feint": {
        "description": "",
        "light_cost": 1,
        "effects": [
            {
                "trigger": "on_use",
                "conditionTarget": "self",
                "modifierTarget": "self",
                "condition": {
                    "stack_min": {
                        "buff": "Black Belt",
                        "value": 1
                    }
                },
                "get": {},
                "modifiers": {
                    "getbuff": {
                        "Black Belt": {
                            "stack": -1
                        },
                        "Attack Power Up": {
                            "stack": 1,
                            "nextturn": true,
                            "volatile": true
                        },
                        "Haste": {
                            "stack": 1,
                            "nextturn": true,
                            "volatile": true
                        }
                    }
                }
            }
        ],
        "dice": [
            {
                "type": "evade",
                "min": 3,
                "max": 5,
                "sin": "Pride",
                "effects": [
                    {
                        "trigger": "on_evade",
                        "conditionTarget": "self",
                        "modifierTarget": "self",
                        "condition": {},
                        "get": {},
                        "modifiers": {
                            "getbuff": {
                                "Poise": {
                                    "stack": 3,
                                    "nextturn": true,
                                    "count": 2
                                }
                            }
                        }
                    }
                ]
            }
        ],
        "pageTagList": [
            "Attack Power Up",
            "Power Up",
            "Haste",
            "Black Belt",
            "Poise"
        ]
    },
    "Martial Scuffle": {
        "description": "",
        "light_cost": 3,
        "effects": [
            {
                "trigger": "on_use",
                "conditionTarget": "self",
                "modifierTarget": "self",
                "condition": {
                    "stack_min": {
                        "buff": "Black Belt",
                        "value": 1
                    }
                },
                "get": {},
                "modifiers": {
                    "getbuff": {
                        "Black Belt": {
                            "stack": -1
                        },
                        "Defense Power Up": {
                            "stack": 1,
                            "volatile": true
                        }
                    }
                }
            }
        ],
        "dice": [
            {
                "type": "guard",
                "min": 2,
                "max": 6,
                "sin": "Wrath",
                "effects": [
                    {
                        "trigger": "clash_win",
                        "conditionTarget": "self",
                        "modifierTarget": "self",
                        "condition": {},
                        "get": {},
                        "modifiers": {
                            "changedice": {
                                "dice": "next",
                                "boostmin": 3
                            }
                        }
                    }
                ]
            },
            {
                "type": "evade",
                "min": 1,
                "max": 6,
                "sin": "Wrath",
                "effects": [
                    {
                        "trigger": "on_evade",
                        "conditionTarget": "self",
                        "modifierTarget": "self",
                        "condition": {},
                        "get": {},
                        "modifiers": {
                            "getbuff": {
                                "Poise": {
                                    "stack": 2,
                                    "nextturn": true
                                }
                            }
                        }
                    }
                ]
            },
            {
                "type": "slash",
                "min": 4,
                "max": 7,
                "sin": "Wrath",
                "effects": []
            }
        ],
        "pageTagList": [
            "Power Up",
            "Defense Power Up",
            "Black Belt",
            "Poise"
        ]
    },
    "Judo Flip": {
        "description": "",
        "light_cost": 2,
        "effects": [
            {
                "trigger": "on_use",
                "conditionTarget": "self",
                "modifierTarget": "self",
                "condition": {
                    "stack_min": {
                        "buff": "Black Belt",
                        "value": 1
                    }
                },
                "get": {},
                "modifiers": {
                    "getbuff": {
                        "Black Belt": {
                            "stack": -1
                        }
                    },
                    "storagebox": [
                        {
                            "name": "self",
                            "valuename": "willcrit",
                            "value": 1
                        }
                    ]
                }
            }
        ],
        "dice": [
            {
                "type": "blunt",
                "min": 2,
                "max": 4,
                "sin": "Wrath",
                "effects": [
                    {
                        "trigger": "on_hit",
                        "conditionTarget": "self",
                        "modifierTarget": "self",
                        "condition": {},
                        "get": {},
                        "modifiers": {
                            "getbuff": {
                                "Poise": {
                                    "stack": 2,
                                    "count": 1
                                }
                            }
                        }
                    }
                ]
            },
            {
                "type": "blunt",
                "min": 3,
                "max": 6,
                "sin": "Wrath",
                "effects": [
                    {
                        "trigger": "on_hit",
                        "conditionTarget": "self",
                        "modifierTarget": "target",
                        "condition": {},
                        "get": {},
                        "modifiers": {
                            "takestaggerdamage": 5
                        }
                    }
                ]
            },
            {
                "type": "pierce",
                "min": 1,
                "max": 3,
                "sin": "Wrath",
                "effects": [
                    {
                        "trigger": "before_on_hit",
                        "conditionTarget": "self",
                        "modifierTarget": "self",
                        "condition": {
                            "storagebox_check": [
                                {
                                    "name": "self",
                                    "valuename": "willcrit",
                                    "equal": 1
                                }
                            ]
                        },
                        "get": {},
                        "modifiers": {
                            "triggercrit": 100,
                            "storagebox": [
                                {
                                    "name": "self",
                                    "valuename": "willcrit",
                                    "value": "Delete"
                                }
                            ]
                        }
                    },
                    {
                        "trigger": "on_crit",
                        "conditionTarget": "self",
                        "modifierTarget": "self",
                        "condition": {},
                        "get": {},
                        "modifiers": {
                            "gainlightnext": 2
                        }
                    }
                ]
            }
        ],
        "pageTagList": [
            "Black Belt",
            "Poise"
        ]
    },
    "Headband Toss": {
        "description": "",
        "light_cost": 0,
        "effects": [
            {
                "trigger": "on_use",
                "conditionTarget": "self",
                "modifierTarget": "target",
                "condition": {
                    "stack_min": {
                        "buff": "Black Belt",
                        "value": 1
                    }
                },
                "get": {},
                "modifiers": {
                    "getbuff": {
                        "Clash Power Down": {
                            "stack": 1,
                            "volatile": true
                        }
                    }
                }
            },
            {
                "trigger": "on_use",
                "conditionTarget": "self",
                "modifierTarget": "self",
                "condition": {
                    "stack_min": {
                        "buff": "Black Belt",
                        "value": 1
                    }
                },
                "get": {},
                "modifiers": {
                    "getbuff": {
                        "Black Belt": {
                            "stack": -1
                        }
                    }
                }
            }
        ],
        "dice": [
            {
                "type": "guard",
                "min": 5,
                "max": 8,
                "sin": "Pride",
                "effects": [
                    {
                        "trigger": "clash_win",
                        "conditionTarget": "self",
                        "modifierTarget": "self",
                        "condition": {},
                        "get": {},
                        "modifiers": {
                            "getbuff": {
                                "Poise": {
                                    "stack": 2
                                },
                                "Attack Power Up": {
                                    "stack": 1,
                                    "nextturn": true,
                                    "volatile": true
                                }
                            }
                        }
                    }
                ]
            }
        ],
        "pageTagList": [
            "Attack Power Up",
            "Power Up",
            "Clash Power Down",
            "Black Belt",
            "Poise",
            "Power Down"
        ]
    },
    "It's time to get SERIOUS": {
        "description": "",
        "light_cost": 2,
        "effects": [
            {
                "trigger": "on_use",
                "conditionTarget": "self",
                "modifierTarget": "self",
                "condition": {
                    "stack_max": {
                        "buff": "Black Belt",
                        "value": 0
                    },
                    "total_min": {
                        "buff": "Poise",
                        "value": 10
                    }
                },
                "get": {},
                "modifiers": {
                    "getbuff": {
                        "Black Belt": {
                            "stack": 5
                        }
                    }
                }
            }
        ],
        "dice": [
            {
                "type": "blunt",
                "min": 5,
                "max": 6,
                "sin": "Pride",
                "effects": []
            }
        ],
        "pageTagList": [
            "Black Belt",
            "Poise"
        ]
    },
    "COUP DE GRACE": {
        "description": "",
        "light_cost": 3,
        "effects": [
            {
                "trigger": "on_use",
                "conditionTarget": "self",
                "modifierTarget": "self",
                "condition": {
                    "stack_min": {
                        "buff": "Black Belt",
                        "value": 3
                    }
                },
                "get": {},
                "modifiers": {
                    "power_bonus": 3
                }
            },
            {
                "trigger": "on_use",
                "conditionTarget": "self",
                "modifierTarget": "self",
                "condition": {},
                "get": {},
                "modifiers": {
                    "getbuff": {
                        "Black Belt": {
                            "stack": -3
                        }
                    }
                }
            }
        ],
        "dice": [
            {
                "type": "blunt",
                "min": 5,
                "max": 6,
                "sin": "Pride",
                "effects": [
                    {
                        "trigger": "on_hit",
                        "conditionTarget": "self",
                        "modifierTarget": "target",
                        "condition": {},
                        "get": {},
                        "modifiers": {
                            "getbuff": {
                                "Paralyze": {
                                    "stack": 2,
                                    "nextturn": true,
                                    "volatile": true
                                }
                            }
                        }
                    }
                ]
            }
        ],
        "globalpower": [],
        "pageTagList": [
            "Paralyze",
            "Black Belt"
        ]
    }
}