{
    "Unnerfed Barbed Strikes": {
        "description": "",
        "light_cost": 2,
        "effects": [
            {
                "trigger": "on_use",
                "conditionTarget": "target",
                "modifierTarget": "self",
                "condition": [
                    {
                        "stack_min": {
                            "buff": "Bleed",
                            "value": 3
                        }
                    },
                    {
                        "stack_min": {
                            "buff": "Rupture",
                            "value": 3
                        }
                    }
                ],
                "get": {},
                "modifiers": {
                    "getbuff": {
                        "Attack Power Up": {
                            "stack": 1,
                            "volatile": true
                        }
                    }
                }
            }
        ],
        "dice": [
            {
                "min": 1,
                "max": 4,
                "type": "blunt",
                "sin": "Wrath",
                "effects": [
                    {
                        "trigger": "on_hit",
                        "conditionTarget": "target",
                        "modifierTarget": "target",
                        "condition": {},
                        "get": {},
                        "modifiers": {
                            "getbuff": {
                                "Rupture": {
                                    "count": 2
                                }
                            }
                        }
                    },
                    {
                        "trigger": "on_hit",
                        "conditionTarget": "target",
                        "modifierTarget": "target",
                        "condition": {},
                        "get": {
                            "Rupture": {
                                "value": "count",
                                "max": 6
                            }
                        },
                        "modifiers": {
                            "getbuff": {
                                "Paralyze": {
                                    "volatile": true,
                                    "stack": "Rupture_count"
                                }
                            }
                        }
                    }
                ]
            },
            {
                "min": 1,
                "max": 4,
                "type": "blunt",
                "sin": "Wrath",
                "effects": [
                    {
                        "trigger": "on_hit",
                        "conditionTarget": "target",
                        "modifierTarget": "target",
                        "condition": {},
                        "get": {},
                        "modifiers": {
                            "getbuff": {
                                "Bleed": {
                                    "count": 2
                                }
                            }
                        }
                    },
                    {
                        "trigger": "on_hit",
                        "conditionTarget": "target",
                        "modifierTarget": "target",
                        "condition": {},
                        "get": {
                            "Bleed": {
                                "value": "count",
                                "max": 15,
                                "targetOverride": "target"
                            }
                        },
                        "modifiers": {
                            "flatdamage": {
                                "pierce": "Bleed_count"
                            }
                        }
                    }
                ]
            },
            {
                "min": 1,
                "max": 4,
                "type": "blunt",
                "sin": "Wrath",
                "effects": [
                    {
                        "trigger": "on_hit",
                        "conditionTarget": "target",
                        "modifierTarget": "target",
                        "condition": {},
                        "get": {},
                        "modifiers": {
                            "getbuff": {
                                "Rupture": {
                                    "count": 3
                                }
                            }
                        }
                    },
                    {
                        "trigger": "on_hit",
                        "conditionTarget": "target",
                        "modifierTarget": "target",
                        "condition": {},
                        "get": {
                            "Rupture": {
                                "value": "count",
                                "max": 6,
                                "targetOverride": "target"
                            }
                        },
                        "modifiers": {
                            "flatdamage": {
                                "pierce": "Rupture_count"
                            }
                        }
                    }
                ]
            },
            {
                "min": 1,
                "max": 4,
                "type": "blunt",
                "sin": "Wrath",
                "effects": [
                    {
                        "trigger": "on_hit",
                        "conditionTarget": "target",
                        "modifierTarget": "target",
                        "condition": {},
                        "get": {},
                        "modifiers": {
                            "getbuff": {
                                "Bleed": {
                                    "count": 3
                                }
                            }
                        }
                    },
                    {
                        "trigger": "on_hit",
                        "conditionTarget": "target",
                        "modifierTarget": "target",
                        "condition": {},
                        "get": {
                            "Bleed": {
                                "value": "count",
                                "max": 16
                            }
                        },
                        "modifiers": {
                            "getbuff": {
                                "Paralyze": {
                                    "volatile": true,
                                    "nextturn": true,
                                    "stack": "Bleed_count"
                                }
                            }
                        }
                    }
                ]
            }
        ],
        "pageTagList": [
            "Attack Power Up",
            "Power Up",
            "Paralyze",
            "Rupture",
            "Bleed"
        ],
        "globalpower": []
    },
    "Unnerfed Rupturing Strikes": {
        "description": "",
        "light_cost": 3,
        "effects": [],
        "dice": [
            {
                "type": "blunt",
                "min": 2,
                "max": 7,
                "sin": "Sloth",
                "effects": [
                    {
                        "trigger": "on_hit",
                        "conditionTarget": "self",
                        "modifierTarget": "target",
                        "condition": {},
                        "get": {
                            "Rupture": {
                                "value": "stack",
                                "multbycountstack": "count",
                                "targetOverride": "target"
                            }
                        },
                        "modifiers": {
                            "flatdamage": {
                                "pierce": "Rupture_stack"
                            }
                        }
                    }
                ]
            }
        ],
        "pageTagList": [
            "Rupture"
        ]
    },
    "Unnerfed Bleeding Strikes": {
        "description": "",
        "light_cost": 3,
        "effects": [],
        "dice": [
            {
                "type": "blunt",
                "min": 2,
                "max": 7,
                "sin": "Sloth",
                "effects": [
                    {
                        "trigger": "on_hit",
                        "conditionTarget": "self",
                        "modifierTarget": "target",
                        "condition": {},
                        "get": {
                            "Bleed": {
                                "value": "stack",
                                "multbycountstack": "count",
                                "targetOverride": "target"
                            }
                        },
                        "modifiers": {
                            "flatdamage": {
                                "pierce": "Bleed_stack"
                            }
                        }
                    }
                ]
            }
        ],
        "pageTagList": [
            "Bleed"
        ]
    },
    "Unnerfed 'DIE DIE DIE'": {
        "description": "",
        "light_cost": 3,
        "effects": [],
        "dice": [
            {
                "type": "blunt",
                "min": 1,
                "max": 8,
                "sin": "Gluttony",
                "effects": [
                    {
                        "trigger": "on_hit",
                        "conditionTarget": "self",
                        "modifierTarget": "target",
                        "condition": {},
                        "get": {
                            "Rupture": {
                                "value": "stack",
                                "targetOverride": "target",
                                "max": 5
                            }
                        },
                        "modifiers": {
                            "getbuff": {
                                "Bleed": {
                                    "stack": "Rupture_stack"
                                }
                            }
                        }
                    },
                    {
                        "trigger": "on_hit",
                        "conditionTarget": "self",
                        "modifierTarget": "target",
                        "condition": {},
                        "get": {
                            "Rupture": {
                                "value": "count",
                                "targetOverride": "target",
                                "max": 5
                            }
                        },
                        "modifiers": {
                            "getbuff": {
                                "Bleed": {
                                    "count": "Rupture_count"
                                }
                            }
                        }
                    },
                    {
                        "trigger": "on_hit",
                        "conditionTarget": "self",
                        "modifierTarget": "target",
                        "condition": {},
                        "get": {
                            "Bleed": {
                                "value": "stack",
                                "min": 1,
                                "fix": "",
                                "targetOverride": "target"
                            }
                        },
                        "modifiers": {
                            "storagebox": [
                                {
                                    "name": "self",
                                    "valuename": "dx3build",
                                    "mode": "add",
                                    "value": "Bleed_stack"
                                }
                            ]
                        }
                    },
                    {
                        "trigger": "on_hit",
                        "conditionTarget": "self",
                        "modifierTarget": "target",
                        "condition": {},
                        "get": {
                            "Rupture": {
                                "value": "stack",
                                "min": 1,
                                "fix": "",
                                "targetOverride": "target"
                            }
                        },
                        "modifiers": {
                            "storagebox": [
                                {
                                    "name": "self",
                                    "valuename": "dx3build",
                                    "mode": "add",
                                    "value": "Rupture_stack"
                                }
                            ]
                        }
                    },
                    {
                        "trigger": "on_hit",
                        "conditionTarget": "self",
                        "modifierTarget": "target",
                        "condition": {},
                        "get": {
                            "Bleed": {
                                "value": "count",
                                "min": 1,
                                "fix": "",
                                "targetOverride": "target"
                            }
                        },
                        "modifiers": {
                            "storagebox": [
                                {
                                    "name": "self",
                                    "valuename": "dx3build",
                                    "mode": "add",
                                    "value": "Bleed_count"
                                }
                            ]
                        }
                    },
                    {
                        "trigger": "on_hit",
                        "conditionTarget": "self",
                        "modifierTarget": "target",
                        "condition": {},
                        "get": {
                            "Rupture": {
                                "value": "count",
                                "min": 1,
                                "fix": "",
                                "targetOverride": "target"
                            }
                        },
                        "modifiers": {
                            "storagebox": [
                                {
                                    "name": "self",
                                    "valuename": "dx3build",
                                    "mode": "add",
                                    "value": "Rupture_count"
                                }
                            ]
                        }
                    },
                    {
                        "trigger": "on_hit",
                        "conditionTarget": "self",
                        "modifierTarget": "target",
                        "condition": {},
                        "get": {
                            "StorageBox": [
                                {
                                    "name": "self",
                                    "valuename": "dx3build",
                                    "mult": 50,
                                    "max": 10
                                }
                            ]
                        },
                        "modifiers": {
                            "getbuff": {
                                "Paralyze": {
                                    "stack": "SB_dx3build",
                                    "volatile": true,
                                    "nextturn": true
                                }
                            }
                        }
                    }
                ]
            },
            {
                "type": "pierce",
                "min": 1,
                "max": 8,
                "sin": "Gluttony",
                "effects": [
                    {
                        "trigger": "on_hit",
                        "conditionTarget": "self",
                        "modifierTarget": "target",
                        "condition": {},
                        "get": {
                            "Bleed": {
                                "value": "stack",
                                "targetOverride": "target",
                                "max": 5
                            }
                        },
                        "modifiers": {
                            "getbuff": {
                                "Rupture": {
                                    "stack": "Bleed_stack"
                                }
                            }
                        }
                    },
                    {
                        "trigger": "on_hit",
                        "conditionTarget": "self",
                        "modifierTarget": "target",
                        "condition": {},
                        "get": {
                            "Bleed": {
                                "value": "count",
                                "targetOverride": "target",
                                "max": 5
                            }
                        },
                        "modifiers": {
                            "getbuff": {
                                "Rupture": {
                                    "count": "Bleed_count"
                                }
                            }
                        }
                    },
                    {
                        "trigger": "on_hit",
                        "conditionTarget": "self",
                        "modifierTarget": "target",
                        "condition": {},
                        "get": {
                            "Bleed": {
                                "value": "stack",
                                "min": 1,
                                "fix": "",
                                "targetOverride": "target"
                            }
                        },
                        "modifiers": {
                            "storagebox": [
                                {
                                    "name": "self",
                                    "valuename": "dx3piercebuild",
                                    "mode": "add",
                                    "value": "Bleed_stack"
                                }
                            ]
                        }
                    },
                    {
                        "trigger": "on_hit",
                        "conditionTarget": "self",
                        "modifierTarget": "target",
                        "condition": {},
                        "get": {
                            "Rupture": {
                                "value": "stack",
                                "min": 1,
                                "fix": "",
                                "targetOverride": "target"
                            }
                        },
                        "modifiers": {
                            "storagebox": [
                                {
                                    "name": "self",
                                    "valuename": "dx3piercebuild",
                                    "mode": "add",
                                    "value": "Rupture_stack"
                                }
                            ]
                        }
                    },
                    {
                        "trigger": "on_hit",
                        "conditionTarget": "self",
                        "modifierTarget": "target",
                        "condition": {},
                        "get": {
                            "Bleed": {
                                "value": "count",
                                "min": 1,
                                "fix": "",
                                "targetOverride": "target"
                            }
                        },
                        "modifiers": {
                            "storagebox": [
                                {
                                    "name": "self",
                                    "valuename": "dx3piercebuild",
                                    "mode": "add",
                                    "value": "Bleed_count"
                                }
                            ]
                        }
                    },
                    {
                        "trigger": "on_hit",
                        "conditionTarget": "self",
                        "modifierTarget": "target",
                        "condition": {},
                        "get": {
                            "Rupture": {
                                "value": "count",
                                "min": 1,
                                "fix": "",
                                "targetOverride": "target"
                            }
                        },
                        "modifiers": {
                            "storagebox": [
                                {
                                    "name": "self",
                                    "valuename": "dx3piercebuild",
                                    "mode": "add",
                                    "value": "Rupture_count"
                                }
                            ]
                        }
                    },
                    {
                        "trigger": "on_hit",
                        "conditionTarget": "self",
                        "modifierTarget": "target",
                        "condition": {},
                        "get": {
                            "StorageBox": [
                                {
                                    "name": "self",
                                    "valuename": "dx3piercebuild",
                                    "mult": 50,
                                    "max": 999
                                }
                            ]
                        },
                        "modifiers": {
                            "flatdamage": {
                                "pierce": "SB_dx3piercebuild"
                            }
                        }
                    }
                ]
            }
        ],
        "pageTagList": [
            "Paralyze",
            "Rupture",
            "Bleed"
        ],
        "globalpower": []
    },
    "Unnerfed Moisture Retention": {
        "description": "",
        "light_cost": 1,
        "effects": [],
        "dice": [
            {
                "type": "evade",
                "min": 2,
                "max": 12,
                "sin": "Lust",
                "effects": [
                    {
                        "trigger": "on_roll",
                        "conditionTarget": "target",
                        "modifierTarget": "self",
                        "condition": {
                            "stack_min": {
                                "buff": "Bleed",
                                "value": 10
                            }
                        },
                        "get": {},
                        "modifiers": {
                            "power_bonus": 2
                        }
                    }
                ]
            },
            {
                "type": "slash",
                "min": 1,
                "max": 5,
                "sin": "Lust",
                "effects": [
                    {
                        "trigger": "on_hit",
                        "conditionTarget": "self",
                        "modifierTarget": "target",
                        "condition": {},
                        "get": {},
                        "modifiers": {
                            "getbuff": {
                                "Bind": {
                                    "stack": 2,
                                    "volatile": true,
                                    "nextturn": true
                                }
                            }
                        }
                    }
                ]
            }
        ],
        "pageTagList": [
            "Bind",
            "Bleed"
        ]
    },
    "Unnerfed Meat Injection": {
        "description": "",
        "light_cost": 2,
        "effects": [
            {
                "trigger": "on_use",
                "conditionTarget": "target",
                "modifierTarget": "self",
                "condition": {
                    "stack_min": {
                        "buff": "Bleed",
                        "value": 5
                    }
                },
                "get": {},
                "modifiers": {
                    "power_bonus": 1
                }
            }
        ],
        "dice": [
            {
                "type": "pierce",
                "min": 4,
                "max": 6,
                "sin": "Lust",
                "effects": [
                    {
                        "trigger": "clash_win",
                        "conditionTarget": "self",
                        "modifierTarget": "target",
                        "condition": {},
                        "get": {
                            "Bleed": {
                                "value": "count",
                                "max": 5,
                                "targetOverride": "target"
                            }
                        },
                        "modifiers": {
                            "getbuff": {
                                "Bleed": {
                                    "count": "Bleed_stack"
                                }
                            }
                        }
                    }
                ]
            },
            {
                "type": "pierce",
                "min": 1,
                "max": 3,
                "sin": "Lust",
                "effects": [
                    {
                        "trigger": "on_hit",
                        "conditionTarget": "self",
                        "modifierTarget": "target",
                        "condition": {},
                        "get": {},
                        "modifiers": {
                            "gainlight": 1
                        }
                    }
                ]
            }
        ],
        "pageTagList": [
            "Bleed"
        ]
    },
    "Unnerfed Bat Bash": {
        "description": "",
        "light_cost": 1,
        "effects": [],
        "dice": [
            {
                "min": 2,
                "max": 6,
                "type": "blunt",
                "sin": "Wrath",
                "effects": [
                    {
                        "trigger": "on_hit",
                        "conditionTarget": "self",
                        "modifierTarget": "target",
                        "condition": {},
                        "get": {},
                        "modifiers": {
                            "getbuff": {
                                "Bleed": {
                                    "stack": 3
                                }
                            }
                        }
                    },
                    {
                        "trigger": "on_hit",
                        "conditionTarget": "target",
                        "modifierTarget": "self",
                        "condition": {},
                        "get": {
                            "Bleed": {
                                "value": "stack",
                                "max": 3,
                                "divide": 3,
                                "fix": "",
                                "targetOverride": "target"
                            }
                        },
                        "modifiers": {
                            "getbuff": {
                                "Attack Power Up": {
                                    "stack": "Bleed_stack",
                                    "nextturn": true,
                                    "volatile": true
                                }
                            }
                        }
                    }
                ]
            },
            {
                "min": 3,
                "max": 3,
                "type": "blunt",
                "sin": "Wrath",
                "effects": [
                    {
                        "trigger": "on_hit",
                        "conditionTarget": "self",
                        "modifierTarget": "target",
                        "condition": {},
                        "get": {},
                        "modifiers": {
                            "getbuff": {
                                "Bleed": {
                                    "count": 2
                                }
                            }
                        }
                    }
                ]
            }
        ],
        "pageTagList": [
            "Attack Power Up",
            "Power Up",
            "Bleed"
        ]
    }
}