{
    "Cass": {
        "id": null,
        "name": "Cass",
        "base_hp": 30,
        "hp_increment_by_level": 2,
        "base_stagger": 15,
        "stagger_increment_by_level": 1,
        "base_max_light": 2,
        "base_light_gain": 1,
        "base_page_draw": 1,
        "base_min_speed": 1,
        "base_max_speed": 2,
        "attack_slot": 1,
        "level": 10,
        "base_hp_overwrite": 0,
        "base_stagger_overwrite": 0,
        "base_max_light_overwrite": 0,
        "base_light_gain_overwrite": 0,
        "base_page_draw_overwrite": 0,
        "base_min_speed_overwrite": 0,
        "base_max_speed_overwrite": 0,
        "hidden": [],
        "evade_queue": [],
        "temphidden": [],
        "stats_dict": {
            "str": 14,
            "int": 16,
            "con": 14,
            "cha": 17,
            "dex": 15
        },
        "nextturn": {
            "light": 0
        },
        "buffs": {},
        "passives": [],
        "faction": [
            "Player",
            "Mainstream Office",
            "Grade 8 Fixer"
        ],
        "resistances": {
            "slash": 0.5,
            "blunt": 1.0,
            "pierce": 1.5
        },
        "stagger_resistances": {
            "slash": 0.5,
            "blunt": 1.0,
            "pierce": 1.5
        },
        "sin_resistances": {
            "Wrath": 1.0,
            "Lust": 1.0,
            "Sloth": 1.0,
            "Gluttony": 1.0,
            "Gloom": 1.0,
            "Pride": 1.0,
            "Envy": 1.0,
            "white": 1.0,
            "black": 1.0,
            "none": 1.0
        },
        "deck": {},
        "hand": {},
        "original_resistances": {
            "slash": 0.5,
            "blunt": 1.0,
            "pierce": 1.5
        },
        "current_hp": 70,
        "max_stagger": 45,
        "current_stagger": 45,
        "current_light": 3,
        "current_speed": 1,
        "attackslotchange": 0,
        "used": [],
        "is_active": true,
        "is_staggered": false,
        "staggeredThisTurn": false,
        "PlayerOrEnemy": "Player"
    },
    "Jonathan": {
        "id": null,
        "name": "Jonathan",
        "base_hp": 30,
        "hp_increment_by_level": 2,
        "base_stagger": 15,
        "stagger_increment_by_level": 1,
        "base_max_light": 2,
        "base_light_gain": 1,
        "base_page_draw": 1,
        "base_min_speed": 1,
        "base_max_speed": 2,
        "attack_slot": 1,
        "level": 10,
        "base_hp_overwrite": 0,
        "base_stagger_overwrite": 0,
        "base_max_light_overwrite": 0,
        "base_light_gain_overwrite": 0,
        "base_page_draw_overwrite": 0,
        "base_min_speed_overwrite": 0,
        "base_max_speed_overwrite": 0,
        "hidden": [],
        "evade_queue": [],
        "temphidden": [],
        "stats_dict": {
            "str": 17,
            "int": 15,
            "con": 16,
            "cha": 15,
            "dex": 17
        },
        "nextturn": {
            "light": 0
        },
        "buffs": {},
        "passives": [
            "Pages of Scorching Blades Effect"
        ],
        "faction": [
            "Player",
            "Mainstream Office",
            "Grade 8 Fixer"
        ],
        "resistances": {
            "slash": 1.0,
            "blunt": 1.5,
            "pierce": 0.5
        },
        "stagger_resistances": {
            "slash": 1.0,
            "blunt": 1.5,
            "pierce": 0.5
        },
        "sin_resistances": {
            "Wrath": 1.0,
            "Lust": 1.0,
            "Sloth": 1.0,
            "Gluttony": 1.0,
            "Gloom": 1.0,
            "Pride": 1.0,
            "Envy": 1.0,
            "white": 1.0,
            "black": 1.0,
            "none": 1.0
        },
        "deck": {},
        "hand": {},
        "original_resistances": {
            "slash": 1.0,
            "blunt": 1.5,
            "pierce": 0.5
        },
        "current_hp": 80,
        "max_stagger": 60,
        "current_stagger": 60,
        "current_light": 3,
        "current_speed": 1,
        "attackslotchange": 0,
        "used": [],
        "is_active": false,
        "is_staggered": false,
        "staggeredThisTurn": false,
        "PlayerOrEnemy": "Player"
    },
    "Sunny": {
        "id": null,
        "name": "Sunny",
        "base_hp": 30,
        "hp_increment_by_level": 2,
        "base_stagger": 15,
        "stagger_increment_by_level": 1,
        "base_max_light": 2,
        "base_light_gain": 1,
        "base_page_draw": 1,
        "base_min_speed": 1,
        "base_max_speed": 2,
        "attack_slot": 1,
        "level": 10,
        "base_hp_overwrite": 0,
        "base_stagger_overwrite": 0,
        "base_max_light_overwrite": 0,
        "base_light_gain_overwrite": 0,
        "base_page_draw_overwrite": 0,
        "base_min_speed_overwrite": 0,
        "base_max_speed_overwrite": 0,
        "hidden": [],
        "evade_queue": [],
        "temphidden": [],
        "stats_dict": {
            "str": 15,
            "int": 16,
            "con": 16,
            "cha": 16,
            "dex": 17
        },
        "nextturn": {
            "light": 0
        },
        "buffs": {},
        "passives": [],
        "faction": [
            "Player",
            "Mainstream Office",
            "Grade 8 Fixer"
        ],
        "resistances": {
            "slash": 0.5,
            "blunt": 1.5,
            "pierce": 1.0
        },
        "stagger_resistances": {
            "slash": 0.5,
            "blunt": 1.5,
            "pierce": 1.0
        },
        "sin_resistances": {
            "Wrath": 1.0,
            "Lust": 1.0,
            "Sloth": 1.0,
            "Gluttony": 1.0,
            "Gloom": 1.0,
            "Pride": 1.0,
            "Envy": 1.0,
            "white": 1.0,
            "black": 1.0,
            "none": 1.0
        },
        "deck": {},
        "hand": {},
        "original_resistances": {
            "slash": 0.5,
            "blunt": 1.5,
            "pierce": 1.0
        },
        "current_hp": 80,
        "max_stagger": 50,
        "current_stagger": 50,
        "current_light": 3,
        "current_speed": 1,
        "attackslotchange": 0,
        "used": [],
        "is_active": false,
        "is_staggered": false,
        "staggeredThisTurn": false,
        "PlayerOrEnemy": "Player"
    },
    "Ralph": {
        "id": null,
        "name": "Ralph",
        "base_hp": 30,
        "hp_increment_by_level": 2,
        "base_stagger": 15,
        "stagger_increment_by_level": 1,
        "base_max_light": 2,
        "base_light_gain": 1,
        "base_page_draw": 1,
        "base_min_speed": 1,
        "base_max_speed": 2,
        "attack_slot": 1,
        "level": 10,
        "base_hp_overwrite": 0,
        "base_stagger_overwrite": 0,
        "base_max_light_overwrite": 0,
        "base_light_gain_overwrite": 0,
        "base_page_draw_overwrite": 0,
        "base_min_speed_overwrite": 0,
        "base_max_speed_overwrite": 0,
        "hidden": [],
        "evade_queue": [],
        "temphidden": [],
        "stats_dict": {
            "str": 15,
            "int": 14,
            "con": 15,
            "cha": 12,
            "dex": 17
        },
        "nextturn": {
            "light": 0
        },
        "buffs": {},
        "passives": [],
        "faction": [
            "Player",
            "Mainstream Office",
            "Grade 8 Fixer"
        ],
        "resistances": {
            "slash": 1.0,
            "blunt": 1.5,
            "pierce": 0.5
        },
        "stagger_resistances": {
            "slash": 1.0,
            "blunt": 1.5,
            "pierce": 0.5
        },
        "sin_resistances": {
            "Wrath": 1.0,
            "Lust": 1.0,
            "Sloth": 1.0,
            "Gluttony": 1.0,
            "Gloom": 1.0,
            "Pride": 1.0,
            "Envy": 1.0,
            "white": 1.0,
            "black": 1.0,
            "none": 1.0
        },
        "deck": {},
        "hand": {},
        "original_resistances": {
            "slash": 1.0,
            "blunt": 1.5,
            "pierce": 0.5
        },
        "current_hp": 75,
        "max_stagger": 50,
        "current_stagger": 50,
        "current_light": 3,
        "current_speed": 1,
        "attackslotchange": 0,
        "used": [],
        "is_active": false,
        "is_staggered": false,
        "staggeredThisTurn": false,
        "PlayerOrEnemy": "Player"
    },
    "Isaac": {
        "id": null,
        "name": "Isaac",
        "base_hp": 30,
        "hp_increment_by_level": 2,
        "base_stagger": 15,
        "stagger_increment_by_level": 1,
        "base_max_light": 2,
        "base_light_gain": 1,
        "base_page_draw": 1,
        "base_min_speed": 1,
        "base_max_speed": 2,
        "attack_slot": 1,
        "level": 10,
        "base_hp_overwrite": 0,
        "base_stagger_overwrite": 0,
        "base_max_light_overwrite": 0,
        "base_light_gain_overwrite": 0,
        "base_page_draw_overwrite": 0,
        "base_min_speed_overwrite": 0,
        "base_max_speed_overwrite": 0,
        "hidden": [],
        "evade_queue": [],
        "temphidden": [],
        "stats_dict": {
            "str": 16,
            "dex": 15,
            "con": 15,
            "int": 16,
            "cha": 18
        },
        "nextturn": {
            "light": 0
        },
        "buffs": {},
        "passives": [],
        "faction": [
            "Player",
            "Mainstream Office",
            "Grade 8 Fixer"
        ],
        "resistances": {
            "slash": 1.0,
            "blunt": 0.5,
            "pierce": 1.5
        },
        "stagger_resistances": {
            "slash": 1.0,
            "blunt": 0.5,
            "pierce": 1.5
        },
        "sin_resistances": {
            "Wrath": 1.0,
            "Lust": 1.0,
            "Sloth": 1.0,
            "Gluttony": 1.0,
            "Gloom": 1.0,
            "Pride": 1.0,
            "Envy": 1.0,
            "white": 1.0,
            "black": 1.0,
            "none": 1.0
        },
        "deck": {},
        "hand": {},
        "original_resistances": {
            "slash": 1.0,
            "blunt": 0.5,
            "pierce": 1.5
        },
        "current_hp": 75,
        "max_stagger": 55,
        "current_stagger": 55,
        "current_light": 3,
        "current_speed": 1,
        "attackslotchange": 0,
        "used": [],
        "is_active": true,
        "is_staggered": false,
        "staggeredThisTurn": false,
        "PlayerOrEnemy": "Player"
    },
    "Nabi": {
        "id": null,
        "name": "Nabi",
        "base_hp": 30,
        "hp_increment_by_level": 2,
        "base_stagger": 15,
        "stagger_increment_by_level": 1,
        "base_max_light": 2,
        "base_light_gain": 1,
        "base_page_draw": 1,
        "base_min_speed": 1,
        "base_max_speed": 2,
        "attack_slot": 1,
        "level": 10,
        "base_hp_overwrite": 0,
        "base_stagger_overwrite": 0,
        "base_max_light_overwrite": 0,
        "base_light_gain_overwrite": 0,
        "base_page_draw_overwrite": 0,
        "base_min_speed_overwrite": 0,
        "base_max_speed_overwrite": 0,
        "hidden": [],
        "evade_queue": [],
        "temphidden": [],
        "stats_dict": {
            "str": 11,
            "int": 10,
            "con": 13,
            "cha": 14,
            "dex": 13
        },
        "nextturn": {
            "light": 0
        },
        "buffs": {},
        "passives": [],
        "faction": [
            "Player",
            "Mainstream Office",
            "Grade 8 Fixer"
        ],
        "resistances": {
            "slash": 1.0,
            "blunt": 1.5,
            "pierce": 0.5
        },
        "stagger_resistances": {
            "slash": 1.0,
            "blunt": 1.5,
            "pierce": 0.5
        },
        "sin_resistances": {
            "Wrath": 1.0,
            "Lust": 1.0,
            "Sloth": 1.0,
            "Gluttony": 1.0,
            "Gloom": 1.0,
            "Pride": 1.0,
            "Envy": 1.0,
            "white": 1.0,
            "black": 1.0,
            "none": 1.0
        },
        "deck": {},
        "hand": {},
        "original_resistances": {
            "slash": 1.0,
            "blunt": 1.5,
            "pierce": 0.5
        },
        "current_hp": 65,
        "max_stagger": 30,
        "current_stagger": 30,
        "current_light": 3,
        "current_speed": 1,
        "attackslotchange": 0,
        "used": [],
        "is_active": false,
        "is_staggered": false,
        "staggeredThisTurn": false,
        "PlayerOrEnemy": "Player"
    },
    "Mayu": {
        "id": null,
        "name": "Mayu",
        "base_hp": 30,
        "hp_increment_by_level": 2,
        "base_stagger": 15,
        "stagger_increment_by_level": 1,
        "base_max_light": 2,
        "base_light_gain": 1,
        "base_page_draw": 1,
        "base_min_speed": 1,
        "base_max_speed": 2,
        "attack_slot": 1,
        "level": 10,
        "base_hp_overwrite": 0,
        "base_stagger_overwrite": 0,
        "base_max_light_overwrite": 0,
        "base_light_gain_overwrite": 0,
        "base_page_draw_overwrite": 0,
        "base_min_speed_overwrite": 0,
        "base_max_speed_overwrite": 0,
        "hidden": [],
        "evade_queue": [],
        "temphidden": [],
        "stats_dict": {
            "str": 16,
            "int": 18,
            "con": 15,
            "cha": 18,
            "dex": 16
        },
        "nextturn": {
            "light": 0
        },
        "buffs": {},
        "passives": [],
        "faction": [
            "Player",
            "Mainstream Office",
            "Grade 8 Fixer"
        ],
        "resistances": {
            "slash": 1.0,
            "blunt": 0.5,
            "pierce": 1.5
        },
        "stagger_resistances": {
            "slash": 1.0,
            "blunt": 0.5,
            "pierce": 1.5
        },
        "sin_resistances": {
            "Wrath": 1.0,
            "Lust": 1.0,
            "Sloth": 1.0,
            "Gluttony": 1.0,
            "Gloom": 1.0,
            "Pride": 1.0,
            "Envy": 1.0,
            "white": 1.0,
            "black": 1.0,
            "none": 1.0
        },
        "deck": {},
        "hand": {},
        "original_resistances": {
            "slash": 1.0,
            "blunt": 0.5,
            "pierce": 1.5
        },
        "current_hp": 75,
        "max_stagger": 55,
        "current_stagger": 55,
        "current_light": 3,
        "current_speed": 1,
        "attackslotchange": 0,
        "used": [],
        "is_active": false,
        "is_staggered": false,
        "staggeredThisTurn": false,
        "PlayerOrEnemy": "Player"
    },
    "Lenore": {
        "id": null,
        "name": "Lenore",
        "base_hp": 30,
        "hp_increment_by_level": 2,
        "base_stagger": 15,
        "stagger_increment_by_level": 1,
        "base_max_light": 2,
        "base_light_gain": 1,
        "base_page_draw": 1,
        "base_min_speed": 1,
        "base_max_speed": 2,
        "attack_slot": 1,
        "level": 10,
        "base_hp_overwrite": 0,
        "base_stagger_overwrite": 0,
        "base_max_light_overwrite": 0,
        "base_light_gain_overwrite": 0,
        "base_page_draw_overwrite": 0,
        "base_min_speed_overwrite": 0,
        "base_max_speed_overwrite": 0,
        "hidden": [],
        "evade_queue": [],
        "temphidden": [],
        "stats_dict": {
            "str": 21,
            "int": 16,
            "con": 14,
            "cha": 12,
            "dex": 12
        },
        "nextturn": {
            "light": 0
        },
        "buffs": {},
        "passives": [],
        "faction": [
            "Player",
            "Mainstream Office",
            "Grade 8 Fixer"
        ],
        "resistances": {
            "slash": 1.5,
            "blunt": 0.5,
            "pierce": 1.0
        },
        "stagger_resistances": {
            "slash": 1.5,
            "blunt": 0.5,
            "pierce": 1.0
        },
        "sin_resistances": {
            "Wrath": 1.0,
            "Lust": 1.0,
            "Sloth": 1.0,
            "Gluttony": 1.0,
            "Gloom": 1.0,
            "Pride": 1.0,
            "Envy": 1.0,
            "white": 1.0,
            "black": 1.0,
            "none": 1.0
        },
        "deck": {},
        "hand": {},
        "original_resistances": {
            "slash": 1.5,
            "blunt": 0.5,
            "pierce": 1.0
        },
        "current_hp": 70,
        "max_stagger": 80,
        "current_stagger": 80,
        "current_light": 3,
        "current_speed": 1,
        "attackslotchange": 0,
        "used": [],
        "is_active": false,
        "is_staggered": false,
        "staggeredThisTurn": false,
        "PlayerOrEnemy": "Player"
    },
    "Isma": {
        "id": null,
        "name": "Isma",
        "base_hp": 30,
        "hp_increment_by_level": 2,
        "base_stagger": 15,
        "stagger_increment_by_level": 1,
        "base_max_light": 2,
        "base_light_gain": 1,
        "base_page_draw": 1,
        "base_min_speed": 1,
        "base_max_speed": 2,
        "attack_slot": 1,
        "level": 10,
        "base_hp_overwrite": 0,
        "base_stagger_overwrite": 0,
        "base_max_light_overwrite": 0,
        "base_light_gain_overwrite": 0,
        "base_page_draw_overwrite": 0,
        "base_min_speed_overwrite": 0,
        "base_max_speed_overwrite": 0,
        "hidden": [],
        "evade_queue": [],
        "temphidden": [],
        "stats_dict": {
            "str": 10,
            "int": 10,
            "con": 10,
            "cha": 10,
            "dex": 10
        },
        "nextturn": {
            "light": 0
        },
        "buffs": {},
        "passives": [],
        "faction": [
            "Player",
            "Mainstream Office",
            "Grade 8 Fixer"
        ],
        "resistances": {
            "slash": 1.0,
            "blunt": 1.6,
            "pierce": 0.5
        },
        "stagger_resistances": {
            "slash": 1.0,
            "blunt": 1.6,
            "pierce": 0.5
        },
        "sin_resistances": {
            "Wrath": 1.0,
            "Lust": 1.0,
            "Sloth": 1.0,
            "Gluttony": 1.0,
            "Gloom": 1.0,
            "Pride": 1.0,
            "Envy": 1.0,
            "white": 1.0,
            "black": 1.0,
            "none": 1.0
        },
        "deck": {},
        "hand": {},
        "original_resistances": {
            "slash": 1.0,
            "blunt": 1.6,
            "pierce": 0.5
        },
        "current_hp": 50,
        "max_stagger": 25,
        "current_stagger": 25,
        "current_light": 3,
        "current_speed": 1,
        "attackslotchange": 0,
        "used": [],
        "is_active": false,
        "is_staggered": false,
        "staggeredThisTurn": false,
        "PlayerOrEnemy": "Player"
    },
    "Guy": {
        "id": null,
        "name": "Guy",
        "base_hp": 30,
        "hp_increment_by_level": 2,
        "base_stagger": 15,
        "stagger_increment_by_level": 1,
        "base_max_light": 2,
        "base_light_gain": 1,
        "base_page_draw": 1,
        "base_min_speed": 1,
        "base_max_speed": 2,
        "attack_slot": 1,
        "level": 10,
        "base_hp_overwrite": 0,
        "base_stagger_overwrite": 0,
        "base_max_light_overwrite": 0,
        "base_light_gain_overwrite": 0,
        "base_page_draw_overwrite": 0,
        "base_min_speed_overwrite": 0,
        "base_max_speed_overwrite": 0,
        "hidden": [],
        "evade_queue": [],
        "temphidden": [],
        "stats_dict": {
            "str": 14,
            "int": 10,
            "con": 12,
            "cha": 11,
            "dex": 15
        },
        "nextturn": {
            "light": 0
        },
        "buffs": {},
        "passives": [],
        "faction": [
            "Player",
            "Mainstream Office",
            "Grade 8 Fixer"
        ],
        "resistances": {
            "slash": 0.5,
            "blunt": 1.0,
            "pierce": 1.5
        },
        "stagger_resistances": {
            "slash": 0.5,
            "blunt": 1.0,
            "pierce": 1.5
        },
        "sin_resistances": {
            "Wrath": 1.0,
            "Lust": 1.0,
            "Sloth": 1.0,
            "Gluttony": 1.0,
            "Gloom": 1.0,
            "Pride": 1.0,
            "Envy": 1.0,
            "white": 1.0,
            "black": 1.0,
            "none": 1.0
        },
        "deck": {},
        "hand": {},
        "original_resistances": {
            "slash": 0.5,
            "blunt": 1.0,
            "pierce": 1.5
        },
        "current_hp": 60,
        "max_stagger": 45,
        "current_stagger": 45,
        "current_light": 3,
        "current_speed": 1,
        "attackslotchange": 0,
        "used": [],
        "is_active": false,
        "is_staggered": false,
        "staggeredThisTurn": false,
        "PlayerOrEnemy": "Player"
    }
}

{
    "Cass": {
        "id": null,
        "name": "Cass",
        "base_hp": 30,
        "hp_increment_by_level": 2,
        "base_stagger": 15,
        "stagger_increment_by_level": 1,
        "base_max_light": 2,
        "base_light_gain": 1,
        "base_page_draw": 1,
        "base_min_speed": 1,
        "base_max_speed": 2,
        "attack_slot": 1,
        "level": 10,
        "hidden": [],
        "evade_queue": [],
        "temphidden": [],
        "stats_dict_dict": {
            "str": 14,
            "int": 16,
            "con": 14,
            "cha": 17,
            "dex": 15
        },
        "nextturn": {
            "light": 0
        },
        "buffs": {},
        "passives": [],
        "faction": [
            "Player",
            "Mainstream Office",
            "Grade 8 Fixer"
        ],
        "resistances": {
            "slash": 0.5,
            "blunt": 1.0,
            "pierce": 1.5
        },
        "stagger_resistances": {
            "slash": 0.5,
            "blunt": 1.0,
            "pierce": 1.5
        },
        "sin_resistances": {
            "Wrath": 1.0,
            "Lust": 1.0,
            "Sloth": 1.0,
            "Gluttony": 1.0,
            "Gloom": 1.0,
            "Pride": 1.0,
            "Envy": 1.0,
            "white": 1.0,
            "black": 1.0,
            "none": 1.0
        },
        "deck": {
            "This Will Be Easy": {
                "cost": 1,
                "amount": 3
            },
            "Bat Parry": {
                "cost": 0,
                "amount": 2
            },
            "Overcharger": {
                "cost": 2,
                "amount": 2
            },
            "Makeshift Blitz": {
                "cost": 2,
                "amount": 1
            },
            "Faulty Equipment": {
                "cost": 1,
                "amount": 1
            }
        },
        "hand": {},
        "original_resistances": {
            "slash": 0.5,
            "blunt": 1.0,
            "pierce": 1.5
        },
        "max_hp": 70,
        "current_hp": 70,
        "max_stagger": 45.0,
        "current_stagger": 45.0,
        "current_max_light": 3.0,
        "current_light": 3.0,
        "current_speed": 1,
        "is_active": true,
        "is_staggered": false,
        "staggeredThisTurn": false,
        "PlayerOrEnemy": "Player"
    },
    "Jonathan": {
        "id": null,
        "name": "Jonathan",
        "base_hp": 30,
        "hp_increment_by_level": 2,
        "base_stagger": 15,
        "stagger_increment_by_level": 1,
        "base_max_light": 2,
        "base_light_gain": 1,
        "base_page_draw": 1,
        "base_min_speed": 1,
        "base_max_speed": 2,
        "attack_slot": 1,
        "level": 10,
        "hidden": [],
        "evade_queue": [],
        "temphidden": [],
        "stats_dict_dict": {
            "str": 17,
            "int": 15,
            "con": 16,
            "cha": 15,
            "dex": 17
        },
        "nextturn": {
            "light": 0
        },
        "buffs": {},
        "passives": [
            "Pages of Scorching Blades Effect"
        ],
        "faction": [
            "Player",
            "Mainstream Office",
            "Grade 8 Fixer"
        ],
        "resistances": {
            "slash": 1.0,
            "blunt": 1.5,
            "pierce": 0.5
        },
        "stagger_resistances": {
            "slash": 1.0,
            "blunt": 1.5,
            "pierce": 0.5
        },
        "sin_resistances": {
            "Wrath": 1.0,
            "Lust": 1.0,
            "Sloth": 1.0,
            "Gluttony": 1.0,
            "Gloom": 1.0,
            "Pride": 1.0,
            "Envy": 1.0,
            "white": 1.0,
            "black": 1.0,
            "none": 1.0
        },
        "deck": {
            "Headband Toss": {
                "cost": 0,
                "amount": 2
            },
            "Draw of the Sword - Vaiśravaṇa Style [切れ]": {
                "cost": 0,
                "amount": 2
            },
            "Riddle Holes [刺す]": {
                "cost": 2,
                "amount": 2
            },
            "Burn Up": {
                "cost": 1,
                "amount": 2
            },
            "Ashes to Ashes": {
                "cost": 3,
                "amount": 1
            }
        },
        "hand": {},
        "original_resistances": {
            "slash": 1.0,
            "blunt": 1.5,
            "pierce": 0.5
        },
        "max_hp": 80,
        "current_hp": 80,
        "max_stagger": 60.0,
        "current_stagger": 60.0,
        "current_max_light": 3.0,
        "current_light": 3.0,
        "current_speed": 1,
        "is_active": false,
        "is_staggered": false,
        "staggeredThisTurn": false,
        "PlayerOrEnemy": "Player"
    },
    "Sunny": {
        "id": null,
        "name": "Sunny",
        "base_hp": 30,
        "hp_increment_by_level": 2,
        "base_stagger": 15,
        "stagger_increment_by_level": 1,
        "base_max_light": 2,
        "base_light_gain": 1,
        "base_page_draw": 1,
        "base_min_speed": 1,
        "base_max_speed": 2,
        "attack_slot": 1,
        "level": 10,
        "hidden": [],
        "evade_queue": [],
        "temphidden": [],
        "stats_dict_dict": {
            "str": 15,
            "int": 16,
            "con": 16,
            "cha": 16,
            "dex": 17
        },
        "nextturn": {
            "light": 0
        },
        "buffs": {},
        "passives": [],
        "faction": [
            "Player",
            "Mainstream Office",
            "Grade 8 Fixer"
        ],
        "resistances": {
            "slash": 0.5,
            "blunt": 1.5,
            "pierce": 1.0
        },
        "stagger_resistances": {
            "slash": 0.5,
            "blunt": 1.5,
            "pierce": 1.0
        },
        "sin_resistances": {
            "Wrath": 1.0,
            "Lust": 1.0,
            "Sloth": 1.0,
            "Gluttony": 1.0,
            "Gloom": 1.0,
            "Pride": 1.0,
            "Envy": 1.0,
            "white": 1.0,
            "black": 1.0,
            "none": 1.0
        },
        "deck": {
            "It's time to get SERIOUS": {
                "cost": 2,
                "amount": 1
            },
            "Kick Feint": {
                "cost": 1,
                "amount": 2
            },
            "Riddle Holes [刺す]": {
                "cost": 2,
                "amount": 2
            },
            "This Will Be Easy": {
                "cost": 1,
                "amount": 1
            },
            "Diagonal Rend [倍増]": {
                "cost": 3,
                "amount": 1
            },
            "Judo Flip": {
                "cost": 2,
                "amount": 1
            }
        },
        "hand": {},
        "original_resistances": {
            "slash": 0.5,
            "blunt": 1.5,
            "pierce": 1.0
        },
        "max_hp": 80,
        "current_hp": 80,
        "max_stagger": 50.0,
        "current_stagger": 50.0,
        "current_max_light": 3.0,
        "current_light": 3.0,
        "current_speed": 1,
        "is_active": false,
        "is_staggered": false,
        "staggeredThisTurn": false,
        "PlayerOrEnemy": "Player"
    },
    "Ralph": {
        "id": null,
        "name": "Ralph",
        "base_hp": 30,
        "hp_increment_by_level": 2,
        "base_stagger": 15,
        "stagger_increment_by_level": 1,
        "base_max_light": 2,
        "base_light_gain": 1,
        "base_page_draw": 1,
        "base_min_speed": 1,
        "base_max_speed": 2,
        "attack_slot": 1,
        "level": 10,
        "hidden": [],
        "evade_queue": [],
        "temphidden": [],
        "stats_dict_dict": {
            "str": 15,
            "int": 14,
            "con": 15,
            "cha": 12,
            "dex": 17
        },
        "nextturn": {
            "light": 0
        },
        "buffs": {},
        "passives": [],
        "faction": [
            "Player",
            "Mainstream Office",
            "Grade 8 Fixer"
        ],
        "resistances": {
            "slash": 1.0,
            "blunt": 1.5,
            "pierce": 0.5
        },
        "stagger_resistances": {
            "slash": 1.0,
            "blunt": 1.5,
            "pierce": 0.5
        },
        "sin_resistances": {
            "Wrath": 1.0,
            "Lust": 1.0,
            "Sloth": 1.0,
            "Gluttony": 1.0,
            "Gloom": 1.0,
            "Pride": 1.0,
            "Envy": 1.0,
            "white": 1.0,
            "black": 1.0,
            "none": 1.0
        },
        "deck": {
            "Charge and Cover": {
                "cost": 2,
                "amount": 1
            },
            "Focused Strikes": {
                "cost": 3,
                "amount": 1
            },
            "Bat Parry": {
                "cost": 0,
                "amount": 3
            },
            "Barbed Strikes": {
                "cost": 3,
                "amount": 2
            },
            "Bat Bash": {
                "cost": 1,
                "amount": 1
            },
            "Torn Copy of 'DIE DIE DIE'": {
                "cost": 3,
                "amount": 1
            }
        },
        "hand": {},
        "original_resistances": {
            "slash": 1.0,
            "blunt": 1.5,
            "pierce": 0.5
        },
        "max_hp": 75,
        "current_hp": 75,
        "max_stagger": 50.0,
        "current_stagger": 50.0,
        "current_max_light": 3.0,
        "current_light": 3.0,
        "current_speed": 1,
        "is_active": false,
        "is_staggered": false,
        "staggeredThisTurn": false,
        "PlayerOrEnemy": "Player"
    },
    "Isaac": {
        "id": null,
        "name": "Isaac",
        "base_hp": 30,
        "hp_increment_by_level": 2,
        "base_stagger": 15,
        "stagger_increment_by_level": 1,
        "base_max_light": 2,
        "base_light_gain": 1,
        "base_page_draw": 1,
        "base_min_speed": 1,
        "base_max_speed": 2,
        "attack_slot": 1,
        "level": 10,
        "hidden": [],
        "evade_queue": [],
        "temphidden": [],
        "stats_dict_dict": {
            "str": 16,
            "dex": 15,
            "con": 15,
            "int": 16,
            "cha": 18
        },
        "nextturn": {
            "light": 0
        },
        "buffs": {},
        "passives": [],
        "faction": [
            "Player",
            "Mainstream Office",
            "Grade 8 Fixer"
        ],
        "resistances": {
            "slash": 1.0,
            "blunt": 0.5,
            "pierce": 1.5
        },
        "stagger_resistances": {
            "slash": 1.0,
            "blunt": 0.5,
            "pierce": 1.5
        },
        "sin_resistances": {
            "Wrath": 1.0,
            "Lust": 1.0,
            "Sloth": 1.0,
            "Gluttony": 1.0,
            "Gloom": 1.0,
            "Pride": 1.0,
            "Envy": 1.0,
            "white": 1.0,
            "black": 1.0,
            "none": 1.0
        },
        "deck": {
            "This Will Be Easy": {
                "cost": 1,
                "amount": 2
            },
            "Draw of the Sword - Vaiśravaṇa Style [切れ]": {
                "cost": 0,
                "amount": 2
            },
            "Ready for Duel [一騎打ち]": {
                "cost": 2,
                "amount": 3
            },
            "Riddle Holes [刺す]": {
                "cost": 2,
                "amount": 2
            }
        },
        "hand": {},
        "original_resistances": {
            "slash": 1.0,
            "blunt": 0.5,
            "pierce": 1.5
        },
        "max_hp": 75,
        "current_hp": 75,
        "max_stagger": 55.0,
        "current_stagger": 55.0,
        "current_max_light": 3.0,
        "current_light": 3.0,
        "current_speed": 1,
        "is_active": true,
        "is_staggered": false,
        "staggeredThisTurn": false,
        "PlayerOrEnemy": "Player"
    },
    "Nabi": {
        "id": null,
        "name": "Nabi",
        "base_hp": 30,
        "hp_increment_by_level": 2,
        "base_stagger": 15,
        "stagger_increment_by_level": 1,
        "base_max_light": 2,
        "base_light_gain": 1,
        "base_page_draw": 1,
        "base_min_speed": 1,
        "base_max_speed": 2,
        "attack_slot": 1,
        "level": 10,
        "hidden": [],
        "evade_queue": [],
        "temphidden": [],
        "stats_dict_dict": {
            "str": 11,
            "int": 10,
            "con": 13,
            "cha": 14,
            "dex": 13
        },
        "nextturn": {
            "light": 0
        },
        "buffs": {},
        "passives": [],
        "faction": [
            "Player",
            "Mainstream Office",
            "Grade 8 Fixer"
        ],
        "resistances": {
            "slash": 1.0,
            "blunt": 1.5,
            "pierce": 0.5
        },
        "stagger_resistances": {
            "slash": 1.0,
            "blunt": 1.5,
            "pierce": 0.5
        },
        "sin_resistances": {
            "Wrath": 1.0,
            "Lust": 1.0,
            "Sloth": 1.0,
            "Gluttony": 1.0,
            "Gloom": 1.0,
            "Pride": 1.0,
            "Envy": 1.0,
            "white": 1.0,
            "black": 1.0,
            "none": 1.0
        },
        "deck": {
            "Pride as a Chef": {
                "cost": 1,
                "amount": 1
            },
            "Draw of the Sword - Vaiśravaṇa Style [切れ]": {
                "cost": 0,
                "amount": 3
            },
            "Ready for Duel [一騎打ち]": {
                "cost": 2,
                "amount": 1
            },
            "Diagonal Rend [倍増]": {
                "cost": 3,
                "amount": 1
            },
            "Riddle Holes [刺す]": {
                "cost": 2,
                "amount": 1
            },
            "One Guard [奥深い]": {
                "cost": 2,
                "amount": 2
            }
        },
        "hand": {},
        "original_resistances": {
            "slash": 1.0,
            "blunt": 1.5,
            "pierce": 0.5
        },
        "max_hp": 65,
        "current_hp": 65,
        "max_stagger": 30.0,
        "current_stagger": 30.0,
        "current_max_light": 3.0,
        "current_light": 3.0,
        "current_speed": 1,
        "is_active": false,
        "is_staggered": false,
        "staggeredThisTurn": false,
        "PlayerOrEnemy": "Player"
    },
    "Mayu": {
        "id": null,
        "name": "Mayu",
        "base_hp": 30,
        "hp_increment_by_level": 2,
        "base_stagger": 15,
        "stagger_increment_by_level": 1,
        "base_max_light": 2,
        "base_light_gain": 1,
        "base_page_draw": 1,
        "base_min_speed": 1,
        "base_max_speed": 2,
        "attack_slot": 1,
        "level": 10,
        "hidden": [],
        "evade_queue": [],
        "temphidden": [],
        "stats_dict_dict": {
            "str": 16,
            "int": 18,
            "con": 15,
            "cha": 18,
            "dex": 16
        },
        "nextturn": {
            "light": 0
        },
        "buffs": {},
        "passives": [],
        "faction": [
            "Player",
            "Mainstream Office",
            "Grade 8 Fixer"
        ],
        "resistances": {
            "slash": 1.0,
            "blunt": 0.5,
            "pierce": 1.5
        },
        "stagger_resistances": {
            "slash": 1.0,
            "blunt": 0.5,
            "pierce": 1.5
        },
        "sin_resistances": {
            "Wrath": 1.0,
            "Lust": 1.0,
            "Sloth": 1.0,
            "Gluttony": 1.0,
            "Gloom": 1.0,
            "Pride": 1.0,
            "Envy": 1.0,
            "white": 1.0,
            "black": 1.0,
            "none": 1.0
        },
        "deck": {
            "This Will Be Easy": {
                "cost": 1,
                "amount": 2
            },
            "Draw of the Sword - Vaiśravaṇa Style [切れ]": {
                "cost": 0,
                "amount": 2
            },
            "Ready for Duel [一騎打ち]": {
                "cost": 2,
                "amount": 1
            },
            "Riddle Holes [刺す]": {
                "cost": 2,
                "amount": 1
            },
            "YAGAWT": {
                "cost": 2,
                "amount": 1
            },
            "Smackdown": {
                "cost": 2,
                "amount": 2
            }
        },
        "hand": {},
        "original_resistances": {
            "slash": 1.0,
            "blunt": 0.5,
            "pierce": 1.5
        },
        "max_hp": 75,
        "current_hp": 75,
        "max_stagger": 55.0,
        "current_stagger": 55.0,
        "current_max_light": 3.0,
        "current_light": 3.0,
        "current_speed": 1,
        "is_active": false,
        "is_staggered": false,
        "staggeredThisTurn": false,
        "PlayerOrEnemy": "Player"
    },
    "Lenore": {
        "id": null,
        "name": "Lenore",
        "base_hp": 30,
        "hp_increment_by_level": 2,
        "base_stagger": 15,
        "stagger_increment_by_level": 1,
        "base_max_light": 2,
        "base_light_gain": 1,
        "base_page_draw": 1,
        "base_min_speed": 1,
        "base_max_speed": 2,
        "attack_slot": 1,
        "level": 10,
        "hidden": [],
        "evade_queue": [],
        "temphidden": [],
        "stats_dict_dict": {
            "str": 21,
            "int": 16,
            "con": 14,
            "cha": 12,
            "dex": 12
        },
        "nextturn": {
            "light": 0
        },
        "buffs": {},
        "passives": [],
        "faction": [
            "Player",
            "Mainstream Office",
            "Grade 8 Fixer"
        ],
        "resistances": {
            "slash": 1.5,
            "blunt": 0.5,
            "pierce": 1.0
        },
        "stagger_resistances": {
            "slash": 1.5,
            "blunt": 0.5,
            "pierce": 1.0
        },
        "sin_resistances": {
            "Wrath": 1.0,
            "Lust": 1.0,
            "Sloth": 1.0,
            "Gluttony": 1.0,
            "Gloom": 1.0,
            "Pride": 1.0,
            "Envy": 1.0,
            "white": 1.0,
            "black": 1.0,
            "none": 1.0
        },
        "deck": {
            "It's time to get SERIOUS": {
                "cost": 2,
                "amount": 2
            },
            "COUP DE GRACE": {
                "cost": 3,
                "amount": 1
            },
            "Draw of the Sword - Vaiśravaṇa Style [切れ]": {
                "cost": 0,
                "amount": 2
            },
            "Judo Flip": {
                "cost": 2,
                "amount": 2
            },
            "Kick Feint": {
                "cost": 1,
                "amount": 2
            }
        },
        "hand": {},
        "original_resistances": {
            "slash": 1.5,
            "blunt": 0.5,
            "pierce": 1.0
        },
        "max_hp": 70,
        "current_hp": 70,
        "max_stagger": 80.0,
        "current_stagger": 80.0,
        "current_max_light": 3.0,
        "current_light": 3.0,
        "current_speed": 1,
        "is_active": false,
        "is_staggered": false,
        "staggeredThisTurn": false,
        "PlayerOrEnemy": "Player"
    },
    "Isma": {
        "id": null,
        "name": "Isma",
        "base_hp": 30,
        "hp_increment_by_level": 2,
        "base_stagger": 15,
        "stagger_increment_by_level": 1,
        "base_max_light": 2,
        "base_light_gain": 1,
        "base_page_draw": 1,
        "base_min_speed": 1,
        "base_max_speed": 2,
        "attack_slot": 1,
        "level": 10,
        "hidden": [],
        "evade_queue": [],
        "temphidden": [],
        "stats_dict_dict": {
            "str": 10,
            "int": 10,
            "con": 10,
            "cha": 10,
            "dex": 10
        },
        "nextturn": {
            "light": 0
        },
        "buffs": {},
        "passives": [],
        "faction": [
            "Player",
            "Mainstream Office",
            "Grade 8 Fixer"
        ],
        "resistances": {
            "slash": 1.0,
            "blunt": 1.6,
            "pierce": 0.5
        },
        "stagger_resistances": {
            "slash": 1.0,
            "blunt": 1.6,
            "pierce": 0.5
        },
        "sin_resistances": {
            "Wrath": 1.0,
            "Lust": 1.0,
            "Sloth": 1.0,
            "Gluttony": 1.0,
            "Gloom": 1.0,
            "Pride": 1.0,
            "Envy": 1.0,
            "white": 1.0,
            "black": 1.0,
            "none": 1.0
        },
        "deck": {
            "Pride as a Chef": {
                "cost": 1,
                "amount": 1
            },
            "Draw of the Sword - Vaiśravaṇa Style [切れ]": {
                "cost": 0,
                "amount": 2
            },
            "Diagonal Rend [倍増]": {
                "cost": 3,
                "amount": 3
            },
            "Ready for Duel [一騎打ち]": {
                "cost": 2,
                "amount": 2
            },
            "Riddle Holes [刺す]": {
                "cost": 2,
                "amount": 1
            }
        },
        "hand": {},
        "original_resistances": {
            "slash": 1.0,
            "blunt": 1.6,
            "pierce": 0.5
        },
        "max_hp": 50,
        "current_hp": 50,
        "max_stagger": 25,
        "current_stagger": 25,
        "current_max_light": 3.0,
        "current_light": 3.0,
        "current_speed": 1,
        "is_active": false,
        "is_staggered": false,
        "staggeredThisTurn": false,
        "PlayerOrEnemy": "Player"
    },
    "Guy": {
        "id": null,
        "name": "Guy",
        "base_hp": 30,
        "hp_increment_by_level": 2,
        "base_stagger": 15,
        "stagger_increment_by_level": 1,
        "base_max_light": 2,
        "base_light_gain": 1,
        "base_page_draw": 1,
        "base_min_speed": 1,
        "base_max_speed": 2,
        "attack_slot": 1,
        "level": 10,
        "hidden": [],
        "evade_queue": [],
        "temphidden": [],
        "stats_dict_dict": {
            "str": 14,
            "int": 10,
            "con": 12,
            "cha": 11,
            "dex": 15
        },
        "nextturn": {
            "light": 0
        },
        "buffs": {},
        "passives": [],
        "faction": [
            "Player",
            "Mainstream Office",
            "Grade 8 Fixer"
        ],
        "resistances": {
            "slash": 0.5,
            "blunt": 1.0,
            "pierce": 1.5
        },
        "stagger_resistances": {
            "slash": 0.5,
            "blunt": 1.0,
            "pierce": 1.5
        },
        "sin_resistances": {
            "Wrath": 1.0,
            "Lust": 1.0,
            "Sloth": 1.0,
            "Gluttony": 1.0,
            "Gloom": 1.0,
            "Pride": 1.0,
            "Envy": 1.0,
            "white": 1.0,
            "black": 1.0,
            "none": 1.0
        },
        "deck": {
            "Burn Up": {
                "cost": 1,
                "amount": 3
            },
            "Focused Strikes": {
                "cost": 3,
                "amount": 2
            },
            "Light Attack": {
                "cost": 1,
                "amount": 2
            },
            "Charge and Cover": {
                "cost": 2,
                "amount": 2
            }
        },
        "hand": {},
        "original_resistances": {
            "slash": 0.5,
            "blunt": 1.0,
            "pierce": 1.5
        },
        "max_hp": 60,
        "current_hp": 60,
        "max_stagger": 45.0,
        "current_stagger": 45.0,
        "current_max_light": 3.0,
        "current_light": 3.0,
        "current_speed": 1,
        "is_active": false,
        "is_staggered": false,
        "staggeredThisTurn": false,
        "PlayerOrEnemy": "Player"
    }
}